time	param	target
10782976	5510000	4
11158784	8260000	6
18128640	0	0
30158336	10000	0
30889728	5520000	4
31383296	8270000	6
41906176	20000	0
49526016	5530000	4
49934848	8280000	6
53669120	30000	0
65643008	40000	0
67790080	5540000	4
68543488	8290000	6
77252352	50000	0
86024960	5550000	4
87319552	8300000	6
89021184	60000	0
100798208	70000	0
104060928	5560000	4
105882368	8310000	6
112346880	80000	0
122279168	5570000	4
123928064	90000	0
124850432	8320000	6
135504384	100000	0
140228352	5580000	4
143525376	8330000	6
147153664	110000	0
158147840	5590000	4
158721536	120000	0
162175744	8340000	6
170452480	130000	0
176145664	5600000	4
180785152	8350000	6
182105856	140000	0
193636864	150000	0
194164992	5610000	4
199292672	8360000	6
205390848	160000	0
212254720	5620000	4
217071872	170000	0
217893120	8370000	6
228629504	180000	0
230245120	5630000	4
236460800	8380000	6
240308992	190000	0
248267520	5640000	4
251804672	200000	0
254747136	8390000	6
263171328	210000	0
266220288	5650000	4
273237760	8400000	6
274508800	220000	0
284162048	5660000	4
286130176	230000	0
291959552	8410000	6
297578752	240000	0
302159360	5670000	4
309057792	250000	0
310444544	8420000	6
319975424	5680000	4
320431104	260000	0
328704512	8430000	6
331847936	270000	0
337934592	5690000	4
343365632	280000	0
347276032	8440000	6
354947328	290000	0
356008192	5700000	4
365343744	8450000	6
366315008	300000	0
373710848	5710000	4
377701632	310000	0
385644800	8460000	6
392285184	320000	0
392921088	5720000	4
403693568	330000	0
403721216	8470000	6
410721024	5730000	4
415130624	340000	0
422050304	8480000	6
426589952	350000	0
428559360	5740000	4
437995776	360000	0
440491520	8490000	6
446541568	5750000	4
449448960	370000	0
459046400	8500000	6
460882176	380000	0
464417280	5760000	4
472410112	390000	0
477637632	8510000	6
482311424	5770000	4
483804928	400000	0
495517440	410000	0
496252928	8520000	6
500231424	5780000	4
506957056	420000	0
514722816	8530000	6
518116352	5790000	4
518383104	430000	0
530118912	440000	0
533099008	8540000	6
535912704	5800000	4
541589248	450000	0
551121920	8550000	6
553225984	460000	0
553702400	5810000	4
564591360	470000	0
569366784	8560000	6
571514368	5820000	4
575923456	480000	0
587325184	8570000	6
587499008	490000	0
589333760	5830000	4
599035392	500000	0
605572352	8580000	6
607114752	5840000	4
610471936	510000	0
621933056	520000	0
624477184	8590000	6
624994816	5850000	4
633361408	530000	0
641557248	9640000	7
642256384	1380000	1
642465280	8600000	6
642656256	5860000	4
644802048	540000	0
644958208	2760000	2
656184576	550000	0
660510720	5870000	4
660829696	1390000	1
661066496	8610000	6
661161216	9650000	7
663651840	2770000	2
664637440	4130000	3
667665664	560000	0
672302592	6890000	5
678365696	5880000	4
679178240	570000	0
679680256	1400000	1
679804672	8620000	6
681390080	9660000	7
682434048	2780000	2
683232000	4140000	3
690640384	580000	0
694201088	6900000	5
696147968	5890000	4
697960448	8630000	6
700726528	9670000	7
701113856	2790000	2
701741056	1410000	1
702071552	590000	0
704994048	4150000	3
712452608	6910000	5
713477376	600000	0
713819392	5900000	4
716322304	8640000	6
720349440	1420000	1
723111936	4160000	3
723743232	2800000	2
724361984	9680000	7
724954368	610000	0
730711040	6920000	5
731563520	5910000	4
734528000	8650000	6
736391936	620000	0
739180544	1430000	1
741289216	4170000	3
742435840	2810000	2
744332288	9690000	7
747853824	630000	0
748940800	6930000	5
749411584	5920000	4
752925440	8660000	6
757820928	1440000	1
759185408	640000	0
759634688	4180000	3
761063680	2820000	2
764165632	9700000	7
767218176	5930000	4
767318016	6940000	5
770520320	650000	0
771273728	8670000	6
776637184	1450000	1
777880320	4190000	3
779640320	2830000	2
781798912	660000	0
784147968	9710000	7
784957184	5940000	4
785480192	6950000	5
789204992	8680000	6
793197568	670000	0
794718464	1460000	1
795943168	4200000	3
798234624	2840000	2
802636800	5950000	4
803538176	6960000	5
804053504	9720000	7
804567296	680000	0
807435520	8690000	6
813355008	1470000	1
814224128	4210000	3
815880192	690000	0
816907520	2850000	2
820405248	5960000	4
821821440	6970000	5
824116992	9730000	7
825840896	8700000	6
827247872	700000	0
832044544	1480000	1
832504320	4220000	3
835516160	2860000	2
838103040	5970000	4
838700544	710000	0
840234496	6980000	5
844012544	8710000	6
844215552	9740000	7
850103808	720000	0
850735616	4230000	3
851263744	1490000	1
854083328	2870000	2
855934976	5980000	4
858388736	6990000	5
861483520	730000	0
862040832	8720000	6
864246784	9750000	7
868898048	4240000	3
869908480	1500000	1
872688640	2880000	2
872776960	740000	0
873688576	5990000	4
876776192	7000000	5
880450560	8730000	6
884280576	750000	0
884320768	9760000	7
887248384	4250000	3
888787200	1510000	1
891400960	2890000	2
891632128	6000000	4
894935040	7010000	5
895701504	760000	0
898412544	8740000	6
904252160	9770000	7
905439744	4260000	3
906928896	1520000	1
907032576	770000	0
909268992	6010000	4
910445568	2900000	2
913051648	7020000	5
916514304	8750000	6
918407424	780000	0
923704064	4270000	3
924169472	9780000	7
925675776	1530000	1
926983936	6020000	4
929711360	2910000	2
929791744	790000	0
931389184	7030000	5
934961664	8760000	6
941968128	4280000	3
944243968	1540000	1
944277760	9790000	7
944823552	6030000	4
948996352	2920000	2
951632896	800000	0
953107968	7040000	5
953303040	8770000	6
962754304	6040000	4
963845376	4290000	3
964233472	9800000	7
966710528	1550000	1
968309760	2930000	2
970825728	810000	0
971323648	7050000	5
971660800	8780000	6
980668416	6050000	4
982215680	4300000	3
984278528	9810000	7
985489664	1560000	1
987595008	2940000	2
988384256	820000	0
989581824	7060000	5
990010368	8790000	6
998465024	6060000	4
1000336640	4310000	3
1003825920	1570000	1
1004261376	9820000	7
1006893568	2950000	2
1007391488	830000	0
1007650304	7070000	5
1007946496	8800000	6
1016214784	6070000	4
1018532352	4320000	3
1022439424	1580000	1
1024305920	840000	0
1025820160	7080000	5
1026023424	8810000	6
1027819520	9830000	7
1029741056	2960000	2
1033952256	6080000	4
1036805888	4330000	3
1039960832	850000	0
1040908800	1590000	1
1044085760	7090000	5
1044244224	8820000	6
1047784192	9840000	7
1049100288	2970000	2
1051644416	6090000	4
1054629120	860000	0
1054990592	4340000	3
1059073792	1600000	1
1062127616	8830000	6
1062241024	7100000	5
1067973376	9850000	7
1068244736	2980000	2
1068503552	870000	0
1069554432	6100000	4
1073347840	4350000	3
1077837568	1610000	1
1080344832	7110000	5
1080399360	8840000	6
1081285120	880000	0
1087465984	6110000	4
1087622144	2990000	2
1087894016	9860000	7
1091596544	4360000	3
1093143808	890000	0
1096721152	1620000	1
1098695680	7120000	5
1098695936	8850000	6
1104696320	900000	0
1105232640	6120000	4
1106906112	3000000	2
1107897600	9870000	7
1109775872	4370000	3
1114810880	1630000	1
1116536576	910000	0
1116558336	8860000	6
1116919808	7130000	5
1123052800	6130000	4
1126078720	3010000	2
1127826176	9880000	7
1127840000	4380000	3
1128037888	920000	0
1133139456	1640000	1
1134829824	8870000	6
1135042048	7140000	5
1139658496	930000	0
1140758272	6140000	4
1145356032	3020000	2
1146043904	4390000	3
1147745792	9890000	7
1151327488	940000	0
1152105216	1650000	1
1153337856	7150000	5
1153543936	8880000	6
1158649088	6150000	4
1162945792	950000	0
1164308224	4400000	3
1164719360	3030000	2
1167722240	9900000	7
1170641152	1660000	1
1171611904	7160000	5
1172035584	8890000	6
1174627328	960000	0
1176451072	6160000	4
1182752256	4410000	3
1184234752	3040000	2
1186353664	970000	0
1187826176	9910000	7
1189705728	1670000	1
1189763584	7170000	5
1190702336	8900000	6
1194166272	6170000	4
1197972480	980000	0
1201028864	4420000	3
1203558656	3050000	2
1208037376	7180000	5
1208091136	9920000	7
1208542976	1680000	1
1209122304	8910000	6
1209720576	990000	0
1212090624	6180000	4
1219322624	4430000	3
1221252864	1000000	0
1222828032	3060000	2
1227097088	8920000	6
1228493312	9930000	7
1229757952	6190000	4
1229818368	7190000	5
1230336256	1690000	1
1232796672	1010000	0
1240985088	4440000	3
1242152192	3070000	2
1244464128	1020000	0
1245203456	8930000	6
1247608064	6200000	4
1247927296	7200000	5
1248520960	9940000	7
1248819968	1700000	1
1256055552	1030000	0
1259127296	4450000	3
1261300736	3080000	2
1263212544	8940000	6
1265358592	6210000	4
1266166016	7210000	5
1267289600	1710000	1
1267811840	1040000	0
1268899584	9950000	7
1277513216	4460000	3
1280099584	1050000	0
1280651520	3090000	2
1281563904	8950000	6
1283315712	6220000	4
1284338688	7220000	5
1285988608	1720000	1
1288969984	9960000	7
1291665664	1060000	0
1295812096	4470000	3
1299651840	8960000	6
1299986432	3100000	2
1301077760	6230000	4
1302468352	7230000	5
1303129344	1070000	0
1304380672	1730000	1
1312151808	9970000	7
1314038016	4480000	3
1314677248	1080000	0
1318061824	8970000	6
1318870272	6240000	4
1320730624	7240000	5
1322823168	1740000	1
1323013376	3110000	2
1326272256	1090000	0
1332175872	9980000	7
1332366336	4490000	3
1336142336	8980000	6
1336643584	6250000	4
1337865984	1100000	0
1338929664	7250000	5
1341533696	1750000	1
1342370560	3120000	2
1349392128	1110000	0
1350605824	4500000	3
1351895808	9990000	7
1354373888	8990000	6
1355036416	6260000	4
1357187584	7260000	5
1360054528	1760000	1
1360852224	1120000	0
1361804032	3130000	2
1368755456	4510000	3
1371598336	10000000	7
1372225024	1130000	0
1372340224	9000000	6
1372699392	6270000	4
1375311360	7270000	5
1378195968	1770000	1
1380975616	3140000	2
1383589888	1140000	0
1386889216	4520000	3
1390275840	9010000	6
1390348544	6280000	4
1391158016	10010000	7
1393389312	7280000	5
1394984448	1150000	0
1396799744	1780000	1
1400376576	3150000	2
1405091840	4530000	3
1406383104	1160000	0
1408123648	6290000	4
1408474624	9020000	6
1411052032	10020000	7
1411712512	7290000	5
1415214080	1790000	1
1417827328	1170000	0
1418834688	3160000	2
1423380480	4540000	3
1425793792	6300000	4
1426193664	9030000	6
1429108224	1180000	0
1429993728	7300000	5
1430782720	10030000	7
1433293568	1800000	1
1437370880	3170000	2
1440435200	1190000	0
1441447680	4550000	3
1443479296	6310000	4
1444079104	9040000	6
1448102400	7310000	5
1450478592	10040000	7
1451345920	1810000	1
1451731968	1200000	0
1455891968	3180000	2
1459601920	4560000	3
1461154304	6320000	4
1461933312	9050000	6
1463112704	1210000	0
1466236672	7320000	5
1469943296	1820000	1
1470688512	10050000	7
1474455040	1220000	0
1474506496	3190000	2
1477985792	4570000	3
1478904576	6330000	4
1480300800	9060000	6
1486165504	1230000	0
1488091392	7330000	5
1490797056	10060000	7
1492389888	1830000	1
1493302784	3200000	2
1496763136	6340000	4
1497677312	1240000	0
1498858240	9070000	6
1499708416	4580000	3
1506210304	7340000	5
1508971264	1250000	0
1510440192	10070000	7
1510656256	1840000	1
1511872000	3210000	2
1514362624	6350000	4
1516784128	9080000	6
1517898240	4590000	3
1520264448	1260000	0
1524321024	7350000	5
1529180416	1850000	1
1530315264	10080000	7
1530398720	3220000	2
1531533824	1270000	0
1533531136	6360000	4
1535116800	9090000	6
1536107520	4600000	3
1542658816	7360000	5
1543083776	1280000	0
1548183552	1860000	1
1549354496	3230000	2
1550358528	10090000	7
1551431936	6370000	4
1553518592	9100000	6
1554394112	4610000	3
1554540032	1290000	0
1561088000	7370000	5
1565994752	1300000	0
1566760704	1870000	1
1567949056	3240000	2
1569760000	6380000	4
1570093824	10100000	7
1572622080	4620000	3
1574153984	9110000	6
1577244672	1310000	0
1579143936	7380000	5
1585185536	1880000	1
1586531584	3250000	2
1587495168	6390000	4
1589081600	1320000	0
1590127872	10110000	7
1590678016	4630000	3
1591714048	9120000	6
1597204736	7390000	5
1600313600	1330000	0
1603592448	1890000	1
1605200384	6400000	4
1608614912	3260000	2
1608913920	4640000	3
1609860608	9130000	6
1611867648	1340000	0
1614077952	10120000	7
1615585792	7400000	5
1622316800	1900000	1
1623088896	6410000	4
1623456256	1350000	0
1627137024	4650000	3
1627304704	3270000	2
1628130048	9140000	6
1633876992	7410000	5
1634808064	10130000	7
1634860288	1360000	0
1640867840	6420000	4
1640889856	1910000	1
1645447936	4660000	3
1646101248	3280000	2
1646402560	1370000	0
1646510592	9150000	6
1652161024	7420000	5
1655174400	10140000	7
1658677504	6430000	4
1659528704	1920000	1
1663817728	4670000	3
1664896000	3290000	2
1665082112	9160000	6
1670588928	7430000	5
1675696896	10150000	7
1676474624	6440000	4
1678310912	1930000	1
1682166528	4680000	3
1683782144	3300000	2
1683898880	9170000	6
1688942336	7440000	5
1694354176	6450000	4
1696035072	10160000	7
1697173504	1940000	1
1700586752	4690000	3
1702397184	9180000	6
1702653952	3310000	2
1707326208	7450000	5
1712142592	6460000	4
1715899904	1950000	1
1716009728	10170000	7
1718977280	4700000	3
1720801536	9190000	6
1721369856	3320000	2
1725671680	7460000	5
1729901824	6470000	4
1734817536	1960000	1
1736372992	10180000	7
1737097728	4710000	3
1739208704	9200000	6
1740151552	3330000	2
1746147840	7470000	5
1747783936	6480000	4
1755558144	1970000	1
1756393472	10190000	7
1757466112	9210000	6
1757527296	4720000	3
1758730240	3340000	2
1764427520	7480000	5
1765600256	6490000	4
1774537984	1980000	1
1775880448	9220000	6
1775901440	4730000	3
1776391936	10200000	7
1777463808	3350000	2
1782542592	7490000	5
1783325952	6500000	4
1792794368	1990000	1
1793571072	9230000	6
1793961216	4740000	3
1795930880	10210000	7
1796014336	3360000	2
1800555008	7500000	5
1800960256	6510000	4
1811089152	2000000	1
1811655424	9240000	6
1812221696	4750000	3
1814577408	3370000	2
1815759616	10220000	7
1818721792	7510000	5
1819558144	6520000	4
1829419264	9250000	6
1829444352	2010000	1
1830337280	4760000	3
1833089024	3380000	2
1835272704	10230000	7
1836963328	7520000	5
1837243136	6530000	4
1847575040	9260000	6
1848265472	2020000	1
1848509440	4770000	3
1851672064	3390000	2
1855088384	7530000	5
1855142656	6540000	4
1855268096	10240000	7
1865611520	9270000	6
1866699520	2030000	1
1866727680	4780000	3
1870144000	3400000	2
1873012992	6550000	4
1873365504	7540000	5
1875176448	10250000	7
1884929536	4790000	3
1885348608	2040000	1
1886488576	9280000	6
1888836096	3410000	2
1890744064	6560000	4
1891524352	7550000	5
1895083776	10260000	7
1903203072	4800000	3
1904138240	2050000	1
1904739072	9290000	6
1908504832	6570000	4
1909751040	3420000	2
1909763328	7560000	5
1917233920	10270000	7
1921535744	4810000	3
1922552576	2060000	1
1922948864	9300000	6
1926205696	6580000	4
1928043776	7570000	5
1928251392	3430000	2
1937227264	10280000	7
1939908608	4820000	3
1941266944	2070000	1
1941436672	9310000	6
1943971072	6590000	4
1946209536	7580000	5
1947027712	3440000	2
1957020416	10290000	7
1958122752	4830000	3
1959312640	2080000	1
1959343360	9320000	6
1961608960	6600000	4
1964359936	7590000	5
1965633024	3450000	2
1976307712	4840000	3
1976724480	10300000	7
1977496320	9330000	6
1977849088	2090000	1
1979347456	6610000	4
1982468608	7600000	5
1984190976	3460000	2
1994715392	4850000	3
1995303424	9340000	6
1995999744	2100000	1
1996163584	10310000	7
1997027328	6620000	4
2000547840	7610000	5
2002832896	3470000	2
2013054720	4860000	3
2013573632	9350000	6
2014682880	2110000	1
2014829312	6630000	4
2016098304	10320000	7
2018952704	7620000	5
2021389568	3480000	2
2031267840	4870000	3
2031562496	9360000	6
2032608512	6640000	4
2033148160	2120000	1
2035909632	10330000	7
2037288448	7630000	5
2039989504	3490000	2
2049469184	4880000	3
2049529600	9370000	6
2050383360	6650000	4
2051314688	2130000	1
2055421440	10340000	7
2055463680	7640000	5
2058398976	3500000	2
2067506176	9380000	6
2067608320	4890000	3
2069159936	6660000	4
2069674240	2140000	1
2073809408	7650000	5
2075757312	10350000	7
2076983552	3510000	2
2085950720	4900000	3
2085958912	9390000	6
2087277824	6670000	4
2088712960	2150000	1
2095479040	10360000	7
2095680768	3520000	2
2095684864	7660000	5
2103673600	9400000	6
2105073152	6680000	4
2107659008	4910000	3
2110736640	2160000	1
2113893632	7670000	5
2114114560	3530000	2
2114932224	10370000	7
2121866752	9410000	6
2122925824	6690000	4
2125773056	4920000	3
2129402880	2170000	1
2132150016	7680000	5
2132794368	3540000	2
2134866176	10380000	7
2140178432	9420000	6
2140755712	6700000	4
2144111616	4930000	3
2148099584	2180000	1
2150319872	7690000	5
2151600384	3550000	2
2154588928	10390000	7
2158571776	9430000	6
2158707712	6710000	4
2162449920	4940000	3
2166805760	2190000	1
2168677632	7700000	5
2170243840	3560000	2
2174601216	10400000	7
2176455936	6720000	4
2177224448	9440000	6
2180799744	4950000	3
2185655040	2200000	1
2186900480	7710000	5
2188937728	3570000	2
2194200832	10410000	7
2194213120	6730000	4
2197601792	9450000	6
2198981376	4960000	3
2204127232	2210000	1
2205097216	7720000	5
2207936768	3580000	2
2211972864	6740000	4
2213917696	10420000	7
2215976448	9460000	6
2217304576	4970000	3
2222742272	2220000	1
2223378944	7730000	5
2226755328	3590000	2
2229744640	6750000	4
2233865216	10430000	7
2234044672	9470000	6
2235516416	4980000	3
2241500416	2230000	1
2241567232	7740000	5
2245507584	3600000	2
2247400704	6760000	4
2252170496	9480000	6
2253652224	10440000	7
2253907968	4990000	3
2259884288	7750000	5
2259902720	2240000	1
2264118528	3610000	2
2265138944	6770000	4
2270368768	9490000	6
2272264192	5000000	3
2273769216	10450000	7
2278099968	7760000	5
2278916864	2250000	1
2282763264	3620000	2
2282932224	6780000	4
2288640000	9500000	6
2290648832	5010000	3
2293814016	10460000	7
2296345088	7770000	5
2297542144	2260000	1
2300740352	6790000	4
2301314048	3630000	2
2306510848	9510000	6
2308757248	5020000	3
2314482944	7780000	5
2316219904	2270000	1
2316925440	10470000	7
2319378432	6800000	4
2323489536	3640000	2
2324602368	9520000	6
2326880768	5030000	3
2332503040	7790000	5
2334762496	2280000	1
2336670720	10480000	7
2337194496	6810000	4
2342180864	3650000	2
2342726656	9530000	6
2345119232	5040000	3
2350696704	7800000	5
2353304832	2290000	1
2355127808	6820000	4
2356340480	10490000	7
2360673792	9540000	6
2360721408	3660000	2
2363266816	5050000	3
2368831488	7810000	5
2371638016	2300000	1
2372890112	6830000	4
2376055808	10500000	7
2378659584	9550000	6
2379266816	3670000	2
2381409024	5060000	3
2386934016	7820000	5
2390022144	2310000	1
2390531840	6840000	4
2395553280	10510000	7
2396520192	9560000	6
2397868288	3680000	2
2399610112	5070000	3
2405180416	7830000	5
2408293376	6850000	4
2408799488	2320000	1
2415067648	9570000	6
2415713792	10520000	7
2416723200	3690000	2
2417930496	5080000	3
2423725056	7840000	5
2426233344	6860000	4
2427624448	2330000	1
2433380608	9580000	6
2435287552	3700000	2
2435709184	10530000	7
2436165120	5090000	3
2441872128	7850000	5
2443965440	6870000	4
2446171904	2340000	1
2451843584	9590000	6
2454011136	3710000	2
2454510848	5100000	3
2455963648	10540000	7
2460188672	7860000	5
2461773056	6880000	4
2465080832	2350000	1
2470195200	9600000	6
2472735744	5110000	3
2472964864	3720000	2
2476078848	10550000	7
2481871616	7870000	5
2487083008	2360000	1
2488632576	9610000	6
2491798272	3730000	2
2494693632	5120000	3
2495932416	10560000	7
2500040960	7880000	5
2505738752	2370000	1
2508590848	9620000	6
2510391040	3740000	2
2513016320	5130000	3
2515953664	10570000	7
2518404352	7890000	5
2524269312	2380000	1
2526843136	9630000	6
2529077760	3750000	2
2531324416	5140000	3
2535891712	10580000	7
2536672512	7900000	5
2542941952	2390000	1
2547736576	3760000	2
2549620224	5150000	3
2554700288	7910000	5
2555152640	10590000	7
2560928512	2400000	1
2566193152	3770000	2
2567851520	5160000	3
2572847360	7920000	5
2574970880	10600000	7
2579699712	2410000	1
2584732672	3780000	2
2585973504	5170000	3
2590866688	7930000	5
2594330880	10610000	7
2597818368	2420000	1
2603227648	3790000	2
2604114944	5180000	3
2608935168	7940000	5
2613893120	10620000	7
2616235008	2430000	1
2621754624	3800000	2
2622258688	5190000	3
2627211520	7950000	5
2633731328	10630000	7
2634453760	2440000	1
2640353536	5200000	3
2640578560	3810000	2
2645341440	7960000	5
2652810240	2450000	1
2653236224	10640000	7
2658524928	5210000	3
2659362816	3820000	2
2663517184	7970000	5
2671478272	2460000	1
2673089024	10650000	7
2676758272	5220000	3
2678189056	3830000	2
2681611520	7980000	5
2689674752	2470000	1
2692531712	10660000	7
2694891264	5230000	3
2696952064	3840000	2
2699665408	7990000	5
2708258816	2480000	1
2712233984	10670000	7
2713102336	5240000	3
2715722240	3850000	2
2718166528	8000000	5
2727043328	2490000	1
2731429376	5250000	3
2732577280	10680000	7
2734531840	3860000	2
2736522240	8010000	5
2746102528	2500000	1
2749819904	5260000	3
2754725632	8020000	5
2756493312	10690000	7
2756900352	3870000	2
2764220416	2510000	1
2767941120	5270000	3
2772830464	8030000	5
2775541248	3880000	2
2776029184	10700000	7
2782806784	2520000	1
2786079744	5280000	3
2790887936	8040000	5
2794250240	3890000	2
2795676160	10710000	7
2800752896	2530000	1
2804218368	5290000	3
2808924928	8050000	5
2812780288	3900000	2
2815399680	10720000	7
2819447040	2540000	1
2822430464	5300000	3
2827230976	8060000	5
2831237376	3910000	2
2834820864	10730000	7
2837769472	2550000	1
2840529920	5310000	3
2845507328	8070000	5
2849890816	3920000	2
2854358784	10740000	7
2855847936	2560000	1
2858690816	5320000	3
2867202816	8080000	5
2868329472	3930000	2
2874503936	10750000	7
2878259968	2570000	1
2880598784	5330000	3
2885606400	8090000	5
2887066368	3940000	2
2894473728	10760000	7
2896836096	2580000	1
2898824960	5340000	3
2903762688	8100000	5
2905751296	3950000	2
2914056192	10770000	7
2915503872	2590000	1
2917203200	5350000	3
2922217472	8110000	5
2924524800	3960000	2
2934132992	10780000	7
2934200832	2600000	1
2935397376	5360000	3
2940247040	8120000	5
2943181824	3970000	2
2952489216	2610000	1
2953672448	5370000	3
2954116608	10790000	7
2958546432	8130000	5
2961892864	3980000	2
2971063040	2620000	1
2971931648	5380000	3
2973889792	10800000	7
2976854528	8140000	5
2980857856	3990000	2
2989678080	2630000	1
2990266112	5390000	3
2993590272	10810000	7
2995092480	8150000	5
2999521792	4000000	2
3008123392	2640000	1
3008404992	5400000	3
3013211392	10820000	7
3013277440	8160000	5
3017984000	4010000	2
3026579712	5410000	3
3026712832	2650000	1
3031510272	8170000	5
3033021696	10830000	7
3036760064	4020000	2
3044712704	5420000	3
3045737728	2660000	1
3049662208	8180000	5
3052631296	10840000	7
3055347712	4030000	2
3062931456	5430000	3
3064528896	2670000	1
3067893760	8190000	5
3072746240	10850000	7
3073966848	4040000	2
3081105152	5440000	3
3083328000	2680000	1
3086135040	8200000	5
3092675328	4050000	2
3092786432	10860000	7
3099258880	5450000	3
3101801472	2690000	1
3104189952	8210000	5
3111105024	4060000	2
3112089088	10870000	7
3117348096	5460000	3
3120212992	2700000	1
3122459392	8220000	5
3129714944	4070000	2
3132271104	10880000	7
3135623680	5470000	3
3139028224	2710000	1
3140737792	8230000	5
3148442112	4080000	2
3152213504	10890000	7
3153898496	5480000	3
3157902080	2720000	1
3158989824	8240000	5
3167172608	4090000	2
3172088064	5490000	3
3172088832	10900000	7
3176552192	2730000	1
3177298944	8250000	5
3189465088	4100000	2
3190224640	5500000	3
3194839040	2740000	1
3195005952	10910000	7
3208121344	4110000	2
3213552128	2750000	1
3214955264	10920000	7
3226649088	4120000	2
3234920448	10930000	7
3255032064	10940000	7
3274473984	10950000	7
3294377728	10960000	7
3314083072	10970000	7
3334000896	10980000	7
3353447680	10990000	7
3373487104	11000000	7
3393675520	11010000	7
991641211648	10380000	2
991652925952	10390000	2
991664622336	10400000	2
991792992256	1250000	1
991797570816	1260000	1
991802005760	1270000	1
991806456320	1280000	1
991810883840	1290000	1
991815344384	1300000	1
991819785472	1310000	1
991824228352	1320000	1
991828687616	1330000	1
991829917952	10250000	1
991833136384	1340000	1
991837608192	1350000	1
991841617920	10260000	1
991842056704	1360000	1
991846495744	1370000	1
991848671744	6880000	5
991853320192	10270000	1
991865002752	10280000	1
991978094336	4070000	3
991989616384	4080000	3
992001062912	4090000	3
992012499200	4100000	3
992021060352	10440000	1
992023962880	4110000	3
992032750848	10450000	1
992035435264	4120000	3
992044429056	10460000	1
992106198272	5320000	4
992117420544	5330000	4
992128634368	5340000	4
992139783424	5350000	4
992150952448	5360000	4
992161833984	5370000	4
992172723200	5380000	4
992183612416	5390000	4
992194542848	5400000	4
992205092864	10160000	2
992205446400	5410000	4
992216353280	5420000	4
992216777728	10170000	2
992227270400	5430000	4
992228480000	10180000	2
992228612608	8130000	6
992238180608	5440000	4
992240424960	8140000	6
992249126656	5450000	4
992252169216	8150000	6
992260049152	5460000	4
992263971328	8160000	6
992270955520	5470000	4
992275814912	8170000	6
992281894144	5480000	4
992287693824	8180000	6
992292825600	5490000	4
992299593216	8190000	6
992303788800	5500000	4
992311406080	8200000	6
992315701248	3750000	3
992323218944	8210000	6
992326911232	3760000	3
992335045888	8220000	6
992338041856	3770000	3
992346955776	8230000	6
992349196032	3780000	3
992358856448	8240000	6
992360382464	3790000	3
992370728448	8250000	6
992371532032	3800000	3
992382704896	3810000	3
992393972480	3820000	3
992398091264	10910000	0
992405133056	3830000	3
992409737728	10920000	0
992416304128	3840000	3
992421375232	10930000	0
992427445248	3850000	3
992438617600	3860000	3
992449790976	3870000	3
992460946944	3880000	3
992478747904	3890000	3
992489822208	3900000	3
992500924672	3910000	3
992506845440	5000000	4
992511933184	3920000	3
992517511168	5010000	4
992522700288	3930000	3
992528216064	5020000	4
992533846528	3940000	3
992538836736	5030000	4
992544582400	3950000	3
992549381120	5040000	4
992555585792	3960000	3
992559919616	5050000	4
992566506752	3970000	3
992570430976	5060000	4
992577565696	3980000	3
992580940544	5070000	4
992588536064	3990000	3
992590437376	10970000	0
992591490816	5080000	4
992599326976	4000000	3
992602051072	5090000	4
992602143488	10980000	0
992610319360	4010000	3
992612554240	5100000	4
992613858560	10990000	0
992621255168	4020000	3
992623060480	5110000	4
992632308480	4030000	3
992633612288	5120000	4
992643207680	4040000	3
992644152832	5130000	4
992654296576	4050000	3
992654669568	5140000	4
992665152256	5150000	4
992665363968	4060000	3
992675668480	5160000	4
992686224640	5170000	4
992695221760	6570000	5
992706862336	6580000	5
992712433408	5180000	4
992718488064	6590000	5
992722970368	5190000	4
992728011264	10470000	0
992730112256	6600000	5
992733516800	5200000	4
992739701504	10480000	0
992741733376	6610000	5
992743999232	5210000	4
992745096448	2500000	2
992751495936	10490000	0
992753367040	6620000	5
992754577920	5220000	4
992756851200	2510000	2
992765004288	6630000	5
992765111552	5230000	4
992768525824	2520000	2
992775572992	5240000	4
992776340480	6640000	5
992780175360	2530000	2
992781434368	9380000	7
992786068992	5250000	4
992787842816	6650000	5
992791822848	2540000	2
992793086208	9390000	7
992796569344	5260000	4
992799292416	6660000	5
992803495424	2550000	2
992804072448	9400000	7
992807048448	5270000	4
992810597120	6670000	5
992815050240	9410000	7
992815212032	2560000	2
992817521664	5280000	4
992822177024	6680000	5
992825967616	9420000	7
992827005952	2570000	2
992827992064	5290000	4
992833922048	6690000	5
992836962816	9430000	7
992838471936	5300000	4
992838724864	2580000	2
992845193216	6700000	5
992847879168	9440000	7
992849004288	5310000	4
992850070272	2590000	2
992855996672	6710000	5
992858889728	9450000	7
992861458432	2600000	2
992863808512	7820000	6
992866698240	6720000	5
992869830400	9460000	7
992873116160	2610000	2
992875419392	7830000	6
992876761344	10220000	2
992877395712	6730000	5
992880828928	9470000	7
992884365312	2620000	2
992886976256	7840000	6
992888079104	6740000	5
992888445184	10230000	2
992891762944	9480000	7
992895449088	2630000	2
992898558720	7850000	6
992898782464	6750000	5
992900517632	10240000	2
992902785792	9490000	7
992906279168	2640000	2
992909569024	6760000	5
992910087168	7860000	6
992913708288	9500000	7
992917459456	2650000	2
992920350464	6770000	5
992921206784	7870000	6
992924716288	9510000	7
992928620288	2660000	2
992931114240	6780000	5
992932491008	7880000	6
992939471872	9520000	7
992939833088	2670000	2
992941815296	6790000	5
992943767040	7890000	6
992951020032	2680000	2
992952603648	6800000	5
992953627904	9530000	7
992954577152	10630000	0
992954986240	7900000	6
992962222848	2690000	2
992963372544	6810000	5
992966136064	7910000	6
992966201344	10640000	0
992966976512	9540000	7
992973315328	2700000	2
992974051328	6820000	5
992977381376	7920000	6
992977828608	10650000	0
992979595776	9550000	7
992984336896	2710000	2
992984765440	6830000	5
992988576768	7930000	6
992990859520	9560000	7
992995449856	6840000	5
992995545600	2720000	2
992999841792	7940000	6
993001959936	9570000	7
993006240256	6850000	5
993006594048	2730000	2
993012924928	9580000	7
993014633216	10350000	1
993016953856	6860000	5
993017922304	2740000	2
993022774016	7950000	6
993024064512	9590000	7
993026283776	10360000	1
993027680512	6870000	5
993029138432	2750000	2
993033724672	7960000	6
993035415808	9600000	7
993037918976	10370000	1
993044708096	7970000	6
993046839040	9610000	7
993055424768	7980000	6
993058223360	9620000	7
993066012160	7990000	6
993068883968	10940000	3
993069599744	9630000	7
993076854528	8000000	6
993080525056	10950000	3
993087702528	8010000	6
993092149504	10960000	3
993098419712	8020000	6
993109148416	8030000	6
993119950080	8040000	6
993130587648	8050000	6
993141610496	10000000	3
993142365184	8060000	6
993153310464	10010000	3
993153611520	8070000	6
993164881920	8080000	6
993164965888	10020000	3
993176159232	8090000	6
993176658688	10030000	3
993187751168	8100000	6
993198918912	8110000	6
993205163008	10660000	4
993210257664	8120000	6
993216822784	10670000	4
993228483840	10680000	4
993273064448	10790000	4
993284721920	10800000	4
993296384000	10810000	4
993306792192	9070000	7
993325307392	9080000	7
993341864960	9090000	7
993345616896	10100000	5
993356941056	10110000	5
993357124608	9100000	7
993368239872	10120000	5
993371410688	9110000	7
993384774144	9120000	7
993397339136	9130000	7
993402515456	10880000	6
993409240576	9140000	7
993413943040	10890000	6
993420758784	9150000	7
993425544192	10900000	6
993432739584	9160000	7
993446814464	9170000	7
993459081984	9180000	7
993470621440	9190000	7
993480098048	10850000	5
993482414848	9200000	7
993491471104	10860000	5
993494252800	9210000	7
993502919168	10870000	5
993506053120	9220000	7
993517881856	9230000	7
993529691392	9240000	7
993534501376	10690000	1
993541489920	9250000	7
993550060544	10700000	1
993553298688	9260000	7
993561610240	10710000	1
993565121024	9270000	7
993576854784	9280000	7
993588366848	9290000	7
993599883264	9300000	7
993603962368	10320000	3
993611413760	9310000	7
993615267584	10330000	3
993622929408	9320000	7
993626661120	10340000	3
993634527488	9330000	7
993646231552	9340000	7
993673519104	7500000	6
993679083776	9350000	7
993684553472	7510000	6
993690762752	9360000	7
993695536384	7520000	6
993702376448	9370000	7
993706541824	7530000	6
993717521152	7540000	6
993728304128	6250000	5
993728474112	7550000	6
993739439360	7560000	6
993745929984	6260000	5
993750407424	7570000	6
993761397248	7580000	6
993762396416	6270000	5
993772335616	7590000	6
993773530880	6280000	5
993783299584	7600000	6
993784662528	6290000	5
993794255360	7610000	6
993795853312	6300000	5
993805276416	7620000	6
993807080192	6310000	5
993816304384	7630000	6
993818158848	6320000	5
993827351808	7640000	6
993828906240	6330000	5
993838365696	7650000	6
993839606784	6340000	5
993849300992	7660000	6
993850318080	6350000	5
993851505152	8750000	7
993860304896	7670000	6
993861094656	6360000	5
993863057664	8760000	7
993871298304	7680000	6
993871815424	6370000	5
993874630400	8770000	7
993882263296	7690000	6
993882551296	6380000	5
993886237952	8780000	7
993893243904	7700000	6
993893263360	6390000	5
993897791744	8790000	7
993903964928	6400000	5
993904215552	7710000	6
993909427200	8800000	7
993914764544	6410000	5
993914974720	7720000	6
993921069824	8810000	7
993925478144	7730000	6
993925526016	6420000	5
993932835840	8820000	7
993936264192	6430000	5
993944377856	8830000	7
993946960384	6440000	5
993955852288	8840000	7
993957791232	6450000	5
993967380480	8850000	7
993968518400	6460000	5
993974104576	7740000	6
993979184384	8860000	7
993979297024	6470000	5
993990330880	6480000	5
993990969088	8870000	7
993995236608	7750000	6
994001513472	6490000	5
994002782976	8880000	7
994012695040	6500000	5
994013410560	7760000	6
994014599680	8890000	7
994023853312	6510000	5
994026395904	8900000	7
994030005248	7770000	6
994035037440	6520000	5
994038199808	8910000	7
994045097984	7780000	6
994046195456	6530000	5
994050032384	8920000	7
994057355520	6540000	5
994059162624	7790000	6
994061838336	8930000	7
994068508160	6550000	5
994072462336	7800000	6
994073673472	8940000	7
994079658496	6560000	5
994084937984	7810000	6
994085533952	8950000	7
994097352960	8960000	7
994109142272	8970000	7
994120939264	8980000	7
994132749568	8990000	7
994144550912	9000000	7
994199533568	9010000	7
994211303936	9020000	7
994223137024	9030000	7
994234956544	9040000	7
994246691840	9050000	7
994258221056	9060000	7
994391675904	10190000	4
994403268608	10200000	4
994414097920	10210000	4
995324978432	10820000	2
995336540928	10830000	2
995348125696	10840000	2
996142341376	10600000	3
996153945600	10610000	3
996168804096	10620000	3
996218640640	10070000	6
996230273792	10080000	6
996241906432	10090000	6
996280474368	10500000	4
996292106752	10510000	4
996305684992	10520000	4
996317240832	10530000	4
996348481280	10040000	6
996363759872	10050000	6
996375290880	10060000	6
996422093312	10540000	5
996433632256	10550000	5
996446444800	10560000	5
996478086144	10410000	6
996489742848	10420000	6
996501378304	10430000	6
996777569024	10130000	5
996792122368	10140000	5
996803253760	10150000	5
998970599168	10440000	0
998983615744	10450000	0
998994972416	10460000	0
999039480576	10720000	0
999051149824	10730000	0
999064215040	10740000	0
999118905856	10790000	0
999130449664	10800000	0
999141975040	10810000	0
999164702720	10290000	0
999176211968	10300000	0
999187732480	10310000	0
999254061824	10690000	6
999267592960	10700000	6
999281886464	10710000	6
999328774912	10220000	6
999340317184	10230000	6
999352828672	10240000	6
999389992960	10850000	6
999401540608	10860000	6
999415074560	10870000	6
999441441024	10160000	1
999452967168	10170000	1
999464523520	10180000	1
999499042304	10600000	4
999510564608	10610000	4
999522075648	10620000	4
999545908992	10470000	4
999557447424	10480000	4
999570221312	10490000	4
999597740800	10500000	1
999609298944	10510000	1
999620815104	10520000	1
999632340992	10530000	1
999659025664	10070000	1
999670532096	10080000	1
999682045952	10090000	1
999704323328	10000000	4
999715918080	10010000	4
999727447552	10020000	4
999738983936	10030000	4
999758167040	10320000	4
999769693440	10330000	4
999781220864	10340000	4
999799046656	10820000	3
999810590208	10830000	3
999822108160	10840000	3
999831193088	10750000	3
999842774016	10760000	3
999854312960	10770000	3
999865832960	10780000	3
999896999936	10410000	3
999908516608	10420000	3
999920044288	10430000	3
999950783488	10130000	3
999962318592	10140000	3
999973826816	10150000	3
1000000312320	10190000	2
1000011835648	10200000	2
1000023387648	10210000	2
1000053700096	10970000	2
1000065241088	10980000	2
1000076787200	10990000	2
1000112858624	10630000	2
1000124434944	10640000	2
1000137983488	10650000	2
1000173343744	10040000	2
1000184948480	10050000	2
1000196498432	10060000	2
1000224577280	10350000	5
1000236202240	10360000	5
1000249810688	10370000	5
1000277469440	10910000	5
1000289029120	10920000	5
1000301112320	10930000	5
1000331606784	10660000	5
1000343130624	10670000	5
1000356280832	10680000	5
1000383885312	10940000	5
1000395421440	10950000	5
1000407761920	10960000	5
1002943854336	10190000	1
1002955352320	10200000	1
1002966846208	10210000	1
1003034156800	10660000	0
1003045719552	10670000	0
1003057260288	10680000	0
1003091883008	10850000	5
1003103441152	10860000	5
1003115032320	10870000	5
1003144985600	10380000	0
1003156556032	10390000	0
1003168156672	10400000	0
1003201287680	10440000	1
1003213024768	10450000	1
1003224633344	10460000	1
1003247126016	10100000	1
1003258683136	10110000	1
1003270236160	10120000	1
1003299166720	10220000	0
1003310714112	10230000	0
1003322246656	10240000	0
1003340001280	10000000	1
1003351584000	10010000	1
1003363111168	10020000	1
1003374656000	10030000	1
1003391011840	10290000	5
1003402572800	10300000	5
1003414105856	10310000	5
1003428986880	10600000	5
1003440555520	10610000	5
1003452109568	10620000	5
1003465543168	10690000	3
1003477125632	10700000	3
1003488683520	10710000	3
1003509483776	10880000	5
1003521102080	10890000	5
1003532687104	10900000	5
1003553371648	10070000	3
1003564942336	10080000	3
1003576516096	10090000	3
1003592828160	10350000	3
1003604363264	10360000	3
1003615941376	10370000	3
1003636670464	10540000	4
1003648235008	10550000	4
1003659804416	10560000	4
1003678472192	10410000	4
1003690113792	10420000	4
1003701713920	10430000	4
1003721031680	10130000	2
1003732633600	10140000	2
1003744209920	10150000	2
1003765129728	10820000	6
1003776693504	10830000	6
1003788239360	10840000	6
1003800635136	10940000	4
1003812226304	10950000	4
1003823826944	10960000	4
1003843138048	10910000	2
1003854698496	10920000	2
1003866290688	10930000	2
1003889995520	10790000	6
1003901574912	10800000	6
1003913127680	10810000	6
1003920877568	10250000	4
1003932559360	10260000	4
1003944162560	10270000	4
1003955755264	10280000	4
1003967852288	10630000	6
1003979410688	10640000	6
1003990971136	10650000	6
1004011813888	10570000	2
1004023398400	10580000	2
1004034971904	10590000	2
1004055157504	10160000	6
1004066740736	10170000	6
1004078330112	10180000	6
1006828416256	10600000	4
1006839925760	10610000	4
1006851490048	10620000	4
1006908472064	10910000	0
1006920065280	10920000	0
1006931625216	10930000	0
1006948758016	10720000	4
1006960382464	10730000	4
1006972004352	10740000	4
1006993733376	10940000	3
1007005321728	10950000	3
1007016895232	10960000	3
1007041793024	10570000	0
1007053394432	10580000	0
1007065904128	10590000	0
1007082539008	10850000	0
1007094085888	10860000	0
1007105598720	10870000	0
1007120748032	10410000	0
1007132300544	10420000	0
1007143812608	10430000	0
1007163197440	10880000	3
1007174756096	10890000	3
1007186335488	10900000	3
1007208711424	10540000	3
1007220270592	10550000	3
1007231795200	10560000	3
1007239679744	10250000	3
1007251410688	10260000	3
1007263922944	10270000	3
1007275470080	10280000	3
1007287788800	10130000	4
1007299358720	10140000	4
1007310901504	10150000	4
1007325995264	10440000	4
1007337536000	10450000	4
1007349085440	10460000	4
1007369997312	10380000	1
1007381537024	10390000	1
1007393075968	10400000	1
1007405215232	10000000	6
1007416812544	10010000	6
1007428372480	10020000	6
1007439908352	10030000	6
1007456529408	10040000	5
1007469042944	10050000	5
1007480589312	10060000	5
1007510883840	10160000	2
1007522426112	10170000	2
1007533959424	10180000	2
1007556255744	10320000	2
1007567804928	10330000	2
1007579353344	10340000	2
1007603042560	10290000	1
1007614583040	10300000	1
1007626127104	10310000	1
1007641212672	10100000	2
1007652756480	10110000	2
1007665244672	10120000	2
1007683228416	10350000	6
1007694767104	10360000	6
1007706306304	10370000	6
1007717026304	10750000	2
1007728608256	10760000	2
1007740139776	10770000	2
1007751823872	10780000	2
1007759683584	10970000	6
1007771215360	10980000	6
1007782752000	10990000	6
1007809366016	10790000	5
1007820933632	10800000	5
1007832450816	10810000	5
1007846137088	10630000	1
1007857683712	10640000	1
1007873370112	10650000	1
1007894271232	10070000	5
1007905835776	10080000	5
1007917387008	10090000	5
1007928179200	10470000	5
1007939715072	10480000	5
1007951246848	10490000	5
1011089865728	10600000	3
1011101676032	10610000	3
1011113176576	10620000	3
1011133145344	10220000	0
1011144678400	10230000	0
1011156202496	10240000	0
1011185649408	10190000	3
1011197181440	10200000	3
1011208751360	10210000	3
1011228715520	10970000	2
1011240279808	10980000	2
1011255463680	10990000	2
1011293189120	10070000	0
1011304720128	10080000	0
1011316246272	10090000	0
1011340798976	10820000	2
1011352333056	10830000	2
1011363862272	10840000	2
1011381101312	10500000	0
1011392682496	10510000	0
1011404243712	10520000	0
1011415775744	10530000	0
1011443439616	10910000	3
1011459303680	10920000	3
1011471810816	10930000	3
1011489991424	10410000	2
1011501556992	10420000	2
1011513128448	10430000	2
1011532652544	10130000	5
1011544248832	10140000	5
1011555804160	10150000	5
1011570850304	10690000	5
1011582400768	10700000	5
1011593931008	10710000	5
1011620740096	10850000	1
1011632255744	10860000	1
1011643805952	10870000	1
1011665442304	10040000	1
1011676982528	10050000	1
1011688528640	10060000	1
1011706235136	10790000	4
1011717818368	10800000	4
1011729349632	10810000	4
1011739873024	10940000	1
1011751532544	10950000	1
1011763054592	10960000	1
1011783877376	10440000	5
1011795423488	10450000	5
1011806959360	10460000	5
1011823339264	10720000	5
1011834867712	10730000	5
1011846412288	10740000	5
1011868826368	10380000	4
1011880347648	10390000	4
1011891881984	10400000	4
1011903797504	10250000	4
1011915370496	10260000	4
1011926926848	10270000	4
1011938439936	10280000	4
1011951893248	10100000	4
1011963430912	10110000	4
1011974945280	10120000	4
1011989774592	10660000	6
1012001317888	10670000	6
1012012860160	10680000	6
1012031545600	10470000	6
1012043100416	10480000	6
1012054669824	10490000	6
1012082134784	10630000	6
1012093677568	10640000	6
1012105250048	10650000	6
1014550702336	10880000	4
1014562200576	10890000	4
1014573755648	10900000	4
1014648433664	10000000	4
1014660043008	10010000	4
1014671652096	10020000	4
1014683211520	10030000	4
1014691809536	10720000	4
1014703435264	10730000	4
1014715023616	10740000	4
1015001588224	10410000	4
1015013135360	10420000	4
1015024665344	10430000	4
1015046872576	10070000	5
1015058407680	10080000	5
1015069941760	10090000	5
1015086418944	10850000	0
1015097949440	10860000	0
1015109468416	10870000	0
1015123029504	10690000	0
1015134565632	10700000	0
1015146078208	10710000	0
1015163987712	10190000	0
1015175506176	10200000	0
1015187047680	10210000	0
1015209255424	10350000	5
1015220809984	10360000	5
1015232335616	10370000	5
1015252627712	10380000	2
1015264194560	10390000	2
1015275761152	10400000	2
1015293674752	10130000	0
1015305220608	10140000	0
1015316765952	10150000	0
1015336105984	10600000	2
1015347676416	10610000	2
1015359224064	10620000	2
1015380022528	10040000	2
1015391592960	10050000	2
1015403145728	10060000	2
1015419692032	10320000	5
1015431258880	10330000	5
1015442790400	10340000	5
1015455613184	10750000	5
1015468102656	10760000	5
1015479676416	10770000	5
1015491240960	10780000	5
1015499197440	10220000	3
1015510789888	10230000	3
1015522426368	10240000	3
1015541817600	10440000	2
1015553402112	10450000	2
1015564968960	10460000	2
1015584381440	10160000	3
1015595972096	10170000	3
1015607559168	10180000	3
1015640061952	10820000	3
1015651733248	10830000	3
1015663208704	10840000	3
1015682548480	10290000	6
1015694107648	10300000	6
1015705667840	10310000	6
1015720601856	10100000	6
1015732171776	10110000	6
1015743721728	10120000	6
1015758810368	10910000	1
1015770393344	10920000	1
1015781956096	10930000	1
1015881411072	10470000	1
1015895052544	10480000	1
1015907808512	10490000	1
1015940705024	10570000	1
1015952028928	10580000	1
1015963303424	10590000	1
1015977791232	10660000	1
1015989076992	10670000	1
1016000352000	10680000	1
1016014747136	10250000	6
1016026023936	10260000	6
1016037315584	10270000	6
1016048565504	10280000	6
1018571342080	10970000	0
1018583027712	10980000	0
1018594703360	10990000	0
1018651520512	10000000	3
1018663290112	10010000	3
1018675067392	10020000	3
1018686830336	10030000	3
1018703777792	10540000	0
1018715588864	10550000	0
1018727357184	10560000	0
1018744227328	10070000	3
1018756314880	10080000	3
1018768099328	10090000	3
1018787752704	10040000	0
1018799473152	10050000	0
1018811155456	10060000	0
1018826387200	10850000	4
1018838126592	10860000	4
1018849842432	10870000	4
1018866575360	10380000	3
1018878280192	10390000	3
1018890010112	10400000	3
1018909696000	10600000	5
1018921414912	10610000	5
1018933087744	10620000	5
1018943877120	10250000	4
1018955627264	10260000	4
1018967333376	10270000	4
1018979020032	10280000	4
1018989839872	10910000	5
1019001557504	10920000	5
1019013249792	10930000	5
1019028507648	10220000	2
1019040246016	10230000	2
1019051948288	10240000	2
1019090873088	10320000	1
1019102610432	10330000	1
1019114308352	10340000	1
1019123691264	10500000	1
1019135452416	10510000	1
1019147171584	10520000	1
1019158906624	10530000	1
1019173879296	10660000	3
1019185606400	10670000	3
1019197345024	10680000	3
1019215593216	10410000	1
1019227306752	10420000	1
1019239012096	10430000	1
1019252979456	10750000	1
1019264754176	10760000	1
1019276444672	10770000	1
1019288122880	10780000	1
1019303357184	10570000	4
1019315054592	10580000	4
1019329723904	10590000	4
1019343531264	10160000	5
1019355213824	10170000	5
1019366899968	10180000	5
1019383667200	10190000	5
1019395366912	10200000	5
1019407064832	10210000	5
1019432677376	10290000	2
1019444371200	10300000	2
1019456086016	10310000	2
1019469951488	10880000	2
1019481681664	10890000	2
1019493405696	10900000	2
1019508654336	10940000	6
1019520359936	10950000	6
1019532064000	10960000	6
1019555207936	10470000	6
1019566900992	10480000	6
1019578590720	10490000	6
1019604170496	10130000	6
1019615857152	10140000	6
1019627534848	10150000	6
1022500807936	10070000	5
1022512474624	10080000	5
1022523821824	10090000	5
1022543106304	10660000	1
1022554797824	10670000	1
1022566521600	10680000	1
1022593065728	10100000	5
1022609174016	10110000	5
1022620868352	10120000	5
1022638762752	10220000	1
1022650454528	10230000	1
1022662141440	10240000	1
1022691654656	10820000	5
1022703367680	10830000	5
1022715058944	10840000	5
1022735474176	10500000	5
1022747851264	10510000	5
1022759558656	10520000	5
1022771244544	10530000	5
1022790230016	10600000	0
1022801911552	10610000	0
1022813617152	10620000	0
1022832873472	10440000	0
1022844553472	10450000	0
1022856241152	10460000	0
1022882158080	10880000	0
1022893866752	10890000	0
1022905583616	10900000	0
1022926130688	10940000	0
1022937854720	10950000	0
1022957286144	10960000	0
1022995869696	10190000	2
1023007606016	10200000	2
1023019333120	10210000	2
1023040575744	10630000	4
1023052263424	10640000	4
1023063960320	10650000	4
1023090522368	10130000	2
1023102221312	10140000	2
1023113922816	10150000	2
1023133530112	10350000	2
1023145233408	10360000	2
1023156936192	10370000	2
1023179122944	10750000	4
1023190874624	10760000	4
1023202588928	10770000	4
1023214300672	10780000	4
1023225282304	10910000	3
1023236976384	10920000	3
1023248795904	10930000	3
1023264084480	10970000	3
1023275780352	10980000	3
1023287478784	10990000	3
1023311413760	10850000	6
1023323099136	10860000	6
1023334795008	10870000	6
1023355784704	10790000	2
1023367489792	10800000	2
1023379162624	10810000	2
1023401111040	10290000	3
1023412918784	10300000	3
1023424715520	10310000	3
1023443893504	10040000	6
1023455673088	10050000	6
1023467448064	10060000	6
1023496834560	10160000	4
1023508605184	10170000	4
1023520366592	10180000	4
1023540882432	10380000	6
1023552662016	10390000	6
1023564406016	10400000	6
1023578994688	10470000	4
1023590786816	10480000	4
1023602552832	10490000	4
1023628909568	10570000	3
1023640680448	10580000	3
1023652449280	10590000	3
1023662648064	10000000	6
1023674456832	10010000	6
1023686199296	10020000	6
1023697971968	10030000	6
1026502204928	10540000	0
1026513812224	10550000	0
1026525449984	10560000	0
1026574038272	10380000	0
1026586275072	10390000	0
1026599032320	10400000	0
1026627549184	10820000	0
1026641665536	10830000	0
1026658215936	10840000	0
1026685302272	10350000	1
1026698018048	10360000	1
1026715194624	10370000	1
1026735884544	10250000	1
1026748835072	10260000	1
1026763415808	10270000	1
1026781209856	10280000	1
1026815817984	10160000	1
1026829400832	10170000	1
1026844821760	10180000	1
1026869344512	10600000	1
1026881694208	10610000	1
1026898929664	10620000	1
1026910892544	10970000	6
1026923233024	10980000	6
1026935442944	10990000	6
1026951726848	10750000	5
1026964130304	10760000	5
1026976439808	10770000	5
1026988159488	10780000	5
1026997487872	10940000	6
1027009798400	10950000	6
1027022106368	10960000	6
1027046669312	10320000	6
1027058315776	10330000	6
1027069583104	10340000	6
1027079559680	10000000	5
1027090855424	10010000	5
1027102134272	10020000	5
1027113432832	10030000	5
1027130169600	10040000	5
1027141407744	10050000	5
1027152644096	10060000	5
1027177628416	10440000	5
1027188901120	10450000	5
1027200138752	10460000	5
1027223910912	10570000	4
1027235190528	10580000	4
1027247285504	10590000	4
1027299434496	10850000	3
1027313493760	10860000	3
1027326772224	10870000	3
1027346772224	10100000	4
1027358337024	10110000	4
1027369406464	10120000	4
1027389833472	10790000	6
1027400654336	10800000	6
1027411528192	10810000	6
1027429439232	10290000	2
1027440230912	10300000	2
1027451047936	10310000	2
1027461806848	10690000	4
1027472618240	10700000	4
1027483461120	10710000	4
1027510641664	10070000	2
1027521431552	10080000	2
1027532268288	10090000	2
1027541676544	10500000	3
1027552517888	10510000	3
1027563368704	10520000	3
1027574110464	10530000	3
1027582196992	10220000	3
1027593043200	10230000	3
1027603840512	10240000	3
1027622016512	10720000	2
1027634367232	10730000	2
1027646864128	10740000	2
1027722197248	10410000	4
1027733881344	10420000	4
1027745557248	10430000	4
1030205973760	10940000	0
1030217662464	10950000	0
1030229358592	10960000	0
1030282290944	10660000	0
1030294810112	10670000	0
1030306863616	10680000	0
1030373448192	10500000	0
1030385732352	10510000	0
1030397870592	10520000	0
1030409680640	10530000	0
1030419875328	10000000	0
1030431700992	10010000	0
1030443460352	10020000	0
1030455227904	10030000	0
1030475079168	10290000	1
1030486880000	10300000	1
1030498651392	10310000	1
1030508190208	10470000	1
1030519904000	10480000	1
1030531615488	10490000	1
1030557583616	10130000	5
1030569288704	10140000	5
1030580996864	10150000	5
1030599250176	10380000	1
1030611003904	10390000	1
1030622743552	10400000	1
1030641004288	10880000	5
1030652698624	10890000	5
1030664429056	10900000	5
1030678330368	10720000	1
1030690027520	10730000	1
1030701775360	10740000	1
1030721492992	10190000	2
1030733215488	10200000	2
1030744929792	10210000	2
1030768464896	10160000	5
1030780210688	10170000	5
1030791959552	10180000	5
1030814623232	10570000	5
1030826337280	10580000	5
1030838030336	10590000	5
1030851888384	10410000	2
1030863611136	10420000	2
1030875309824	10430000	2
1030896071680	10910000	6
1030907789824	10920000	6
1030919492864	10930000	6
1030933337856	10250000	2
1030945074688	10260000	2
1030956778752	10270000	2
1030968471040	10280000	2
1030985245696	10540000	4
1030996971776	10550000	4
1031008682752	10560000	4
1031023996928	10100000	6
1031035709952	10110000	6
1031047412736	10120000	6
1031067124736	10820000	4
1031081705728	10830000	4
1031093401344	10840000	4
1031111670016	10070000	6
1031123378944	10080000	6
1031135060992	10090000	6
1031146012160	10220000	4
1031157718272	10230000	4
1031169414912	10240000	4
1031193504512	10850000	2
1031205212160	10860000	2
1031216921344	10870000	2
1031230777088	10440000	6
1031242464768	10450000	6
1031254387712	10460000	6
1031271176192	10970000	3
1031282878208	10980000	3
1031294584320	10990000	3
1031321591808	10040000	3
1031333282816	10050000	3
1031344974592	10060000	3
1031360322048	10350000	3
1031372027136	10360000	3
1031394011392	10370000	3
1031410838528	10630000	3
1031422607104	10640000	3
1031434339584	10650000	3
1033868805632	10440000	0
1033880595968	10450000	0
1033893099520	10460000	0
1033918346240	10380000	0
1033930781440	10390000	0
1033943043328	10400000	0
1033966753536	10100000	0
1033981171968	10110000	0
1033992997120	10120000	0
1034019787520	10160000	1
1034032462336	10170000	1
1034045132544	10180000	1
1034072824576	10630000	2
1034085596416	10640000	2
1034097639936	10650000	2
1034110210048	10250000	4
1034122627840	10260000	4
1034134832896	10270000	4
1034147162112	10280000	4
1034160058880	10130000	4
1034172371200	10140000	4
1034184723456	10150000	4
1034202734080	10660000	4
1034215043072	10670000	4
1034227535104	10680000	4
1034253430016	10290000	2
1034265853952	10300000	2
1034278373376	10310000	2
1034296812032	10320000	5
1034309493760	10330000	5
1034321322240	10340000	5
1034343187712	10600000	5
1034356019456	10610000	5
1034367920128	10620000	5
1034382942208	10000000	5
1034395741440	10010000	5
1034408239616	10020000	5
1034420016384	10030000	5
1034431981056	10910000	1
1034444670464	10920000	1
1034457015040	10930000	1
1034474707200	10690000	2
1034487372800	10700000	2
1034499761408	10710000	2
1034525106944	10820000	1
1034537536000	10830000	1
1034549635072	10840000	1
1034564041216	10410000	3
1034576914688	10420000	3
1034589216256	10430000	3
1034604790528	10970000	4
1034617314816	10980000	4
1034629675264	10990000	4
1034648403456	10470000	3
1034661036032	10480000	3
1034673502976	10490000	3
1034710089216	10790000	3
1034722940416	10800000	3
1034734702336	10810000	3
1034763409408	10070000	3
1034775540736	10080000	3
1034787728640	10090000	3
1034805745152	10350000	6
1034818466304	10360000	6
1034830471936	10370000	6
1034851984640	10540000	6
1034864436224	10550000	6
1034876874240	10560000	6
1034884874752	10500000	6
1034897565696	10510000	6
1034910188288	10520000	6
1034921972480	10530000	6
1034934886912	10880000	6
1034947764736	10890000	6
1034959840000	10900000	6
1037365477632	10500000	0
1037377906432	10510000	0
1037389650944	10520000	0
1037401299456	10530000	0
1037434606336	10790000	0
1037446272512	10800000	0
1037457956352	10810000	0
1037479216384	10350000	0
1037490932992	10360000	0
1037502583296	10370000	0
1037524869888	10850000	0
1037536577024	10860000	0
1037548240640	10870000	0
1037568923904	10880000	3
1037580596992	10890000	3
1037592276224	10900000	3
1037607986944	10250000	2
1037619725312	10260000	2
1037631463424	10270000	2
1037643165184	10280000	2
1037657150976	10190000	3
1037668875264	10200000	3
1037680666880	10210000	3
1037729760512	10040000	2
1037741484032	10050000	2
1037753500928	10060000	2
1037775445248	10540000	4
1037787166208	10550000	4
1037798844160	10560000	4
1037813954048	10100000	2
1037825656320	10110000	2
1037837358336	10120000	2
1037854009088	10380000	4
1037865722112	10390000	4
1037877412352	10400000	4
1037898445312	10070000	4
1037910131456	10080000	4
1037921822720	10090000	4
1037939997440	10820000	3
1037951713280	10830000	3
1037963415808	10840000	3
1037981543936	10320000	1
1037993217792	10330000	1
1038004896512	10340000	1
1038018613760	10910000	6
1038030313728	10920000	6
1038041990912	10930000	6
1038057203200	10720000	5
1038068907008	10730000	5
1038080607744	10740000	5
1038100316416	10940000	6
1038112010752	10950000	6
1038123704320	10960000	6
1038144850944	10130000	1
1038156539648	10140000	1
1038168211712	10150000	1
1038189262336	10570000	1
1038200968192	10580000	1
1038212659200	10590000	1
1038223568128	10970000	5
1038235262208	10980000	5
1038247083264	10990000	5
1038265199360	10220000	1
1038276905728	10230000	1
1038288617728	10240000	1
1038308711168	10750000	6
1038320455424	10760000	6
1038332142848	10770000	6
1038343839744	10780000	6
1038372355072	10290000	6
1038384069632	10300000	6
1038395743488	10310000	6
1038408046336	10410000	5
1038419736320	10420000	5
1038431418624	10430000	5
1040993203712	10720000	0
1041004857600	10730000	0
1041016505344	10740000	0
1041042091776	10880000	0
1041053764352	10890000	0
1041065442560	10900000	0
1041082412032	10220000	0
1041094070016	10230000	0
1041105744640	10240000	0
1041130321152	10160000	0
1041142003712	10170000	0
1041158654976	10180000	0
1041193468416	10630000	2
1041205166080	10640000	2
1041216871936	10650000	2
1041245016064	10600000	1
1041257176576	10610000	1
1041268887552	10620000	1
1041287965440	10410000	2
1041299675136	10420000	2
1041311376384	10430000	2
1041328117760	10690000	1
1041339829760	10700000	1
1041351533312	10710000	1
1041375343616	10070000	2
1041387030016	10080000	2
1041398720256	10090000	2
1041407979264	10500000	1
1041419703808	10510000	1
1041431423232	10520000	1
1041443084800	10530000	1
1041456331008	10470000	2
1041468036864	10480000	2
1041479712256	10490000	2
1041506419200	10040000	4
1041518096384	10050000	4
1041529780992	10060000	4
1041537516288	10750000	4
1041549249536	10760000	4
1041560936704	10770000	4
1041572627456	10780000	4
1041583241216	10910000	4
1041594938112	10920000	4
1041606607360	10930000	4
1041623087872	10440000	4
1041634793984	10450000	4
1041646482688	10460000	4
1041672545280	10100000	5
1041684244992	10110000	5
1041695928576	10120000	5
1041709519360	10940000	1
1041721186304	10950000	1
1041732893184	10960000	1
1041758431232	10790000	5
1041770125056	10800000	5
1041781811968	10810000	5
1041798361600	10570000	3
1041810043136	10580000	3
1041821710336	10590000	3
1041838336000	10350000	5
1041850027008	10360000	5
1041861711616	10370000	5
1041878172928	10130000	6
1041889878528	10140000	6
1041901566720	10150000	6
1041922329088	10320000	6
1041936557056	10330000	6
1041948230656	10340000	6
1041957281536	10250000	3
1041969008128	10260000	3
1041980695808	10270000	3
1041992368128	10280000	3
1042005788160	10850000	3
1042017480192	10860000	3
1042029185536	10870000	3
1042045622528	10380000	5
1042057322752	10390000	5
1042069009152	10400000	5
1042085559296	10660000	6
1042097256192	10670000	6
1042108948480	10680000	6
1044579184128	10350000	0
1044590848768	10360000	0
1044602522880	10370000	0
1044655750912	10570000	4
1044667449856	10580000	4
1044679145472	10590000	4
1044699504896	10850000	0
1044711202560	10860000	0
1044722921984	10870000	0
1044744783872	10880000	4
1044760487680	10890000	4
1044773376512	10900000	4
1044795763456	10630000	1
1044807462400	10640000	1
1044819153152	10650000	1
1044852248320	10160000	4
1044863998976	10170000	4
1044875735808	10180000	4
1044895374848	10000000	0
1044907126272	10010000	0
1044918852864	10020000	0
1044930565376	10030000	0
1044956422144	10820000	1
1044968142592	10830000	1
1044979870976	10840000	1
1045002236928	10070000	1
1045013953792	10080000	1
1045025656832	10090000	1
1045036467200	10720000	1
1045048188928	10730000	1
1045059902208	10740000	1
1045079508224	10440000	6
1045091277056	10450000	6
1045102996992	10460000	6
1045125404928	10600000	2
1045137115648	10610000	2
1045148811520	10620000	2
1045159471872	10250000	6
1045171212544	10260000	6
1045182920960	10270000	6
1045194614016	10280000	6
1045205368320	10410000	6
1045217060352	10420000	6
1045228766208	10430000	6
1045248402432	10380000	3
1045260133120	10390000	3
1045271833088	10400000	3
1045286927872	10190000	2
1045298668800	10200000	2
1045310363136	10210000	2
1045335718912	10290000	0
1045347417344	10300000	0
1045362000896	10310000	0
1045380026880	10790000	6
1045391740672	10800000	6
1045403437568	10810000	6
1045414153472	10690000	3
1045425876736	10700000	3
1045437597952	10710000	3
1045452756736	10750000	2
1045464518400	10760000	2
1045476227584	10770000	2
1045487915520	10780000	2
1045495584512	10970000	3
1045507276800	10980000	3
1045518988032	10990000	3
1045549329408	10540000	2
1045561057024	10550000	2
1045572754432	10560000	2
1045598159872	10320000	3
1045609858304	10330000	3
1045621565184	10340000	3
1045632260608	10470000	5
1045643955712	10480000	5
1045655670272	10490000	5
1045676536064	10910000	5
1045691165696	10920000	5
1045702873856	10930000	5
1045718005248	10220000	5
1045729715968	10230000	5
1045741413376	10240000	5
1045757940480	10500000	5
1045769709056	10510000	5
1045781409024	10520000	5
1045793122560	10530000	5
1048179098880	10600000	0
1048190594304	10610000	0
1048202086656	10620000	0
1048260632320	10040000	0
1048272196608	10050000	0
1048286715392	10060000	0
1048309831936	10790000	4
1048321389312	10800000	4
1048332922624	10810000	4
1048354058240	10100000	0
1048365605120	10110000	0
1048377131776	10120000	0
1048432566784	10910000	4
1048450934784	10920000	4
1048462499072	10930000	4
1048476178688	10750000	0
1048487762176	10760000	0
1048499332864	10770000	0
1048510844928	10780000	0
1048525866496	10320000	4
1048537416960	10330000	4
1048548938240	10340000	4
1048559642112	10970000	5
1048571192320	10980000	5
1048585436416	10990000	5
1048613016832	10380000	1
1048624549888	10390000	1
1048636090624	10400000	1
1048656824320	10570000	1
1048668368640	10580000	1
1048679899136	10590000	1
1048694904576	10130000	3
1048706449664	10140000	3
1048717964544	10150000	3
1048745161216	10470000	1
1048757335552	10480000	1
1048768955392	10490000	1
1048790411008	10250000	5
1048801973248	10260000	5
1048813514240	10270000	5
1048825044480	10280000	5
1048837225216	10630000	4
1048850129920	10640000	4
1048862024448	10650000	4
1048879545600	10660000	5
1048891500800	10670000	5
1048903829504	10680000	5
1048949958912	10070000	3
1048962593024	10080000	3
1048974323456	10090000	3
1048994485504	10290000	2
1049006184704	10300000	2
1049017874176	10310000	2
1049033041920	10350000	2
1049044741120	10360000	2
1049056429056	10370000	2
1049077567488	10440000	3
1049097103104	10450000	3
1049114443008	10460000	3
1049140290304	10500000	2
1049154130432	10510000	2
1049167168256	10520000	2
1049179465728	10530000	2
1049188253440	10720000	3
1049199649536	10730000	3
1049210906368	10740000	3
1049230553088	10940000	2
1049241827328	10950000	2
1049258692352	10960000	2
1049305763072	10000000	6
1049318217472	10010000	6
1049330003968	10020000	6
1049341271296	10030000	6
1049352526592	10160000	6
1049363355392	10170000	6
1049374171648	10180000	6
1049401941504	10540000	6
1049412761856	10550000	6
1049423568640	10560000	6
1049434480896	10190000	6
1049445327360	10200000	6
1049456152064	10210000	6
1052076013056	10290000	0
1052088190208	10300000	0
1052099802368	10310000	0
1052130916096	10630000	0
1052142363392	10640000	0
1052153801728	10650000	0
1052175077376	10130000	0
1052186519808	10140000	0
1052197945600	10150000	0
1052221055744	10570000	0
1052232507136	10580000	0
1052243921664	10590000	0
1052259126016	10000000	1
1052272853760	10010000	1
1052285237504	10020000	1
1052296701440	10030000	1
1052317412096	10350000	1
1052329988608	10360000	1
1052352107264	10370000	1
1052373796608	10100000	1
1052385244416	10110000	1
1052396686592	10120000	1
1052414201856	10910000	1
1052427285248	10920000	1
1052440884224	10930000	1
1052479010560	10880000	2
1052496018432	10890000	2
1052508630016	10900000	2
1052547639040	10750000	5
1052560196864	10760000	5
1052572546048	10770000	5
1052584028160	10780000	5
1052595243008	10660000	3
1052606699520	10670000	3
1052618145536	10680000	3
1052631833600	10500000	5
1052643288064	10510000	5
1052654699776	10520000	5
1052666192896	10530000	5
1052687272448	10970000	3
1052698712320	10980000	3
1052710161920	10990000	3
1052733844480	10600000	3
1052745243648	10610000	3
1052756816384	10620000	3
1052790829056	10790000	5
1052802225408	10800000	5
1052813666048	10810000	5
1052830209280	10820000	2
1052841636096	10830000	2
1052853038592	10840000	2
1052865405952	10190000	5
1052876826112	10200000	5
1052888232960	10210000	5
1052913195264	10040000	2
1052924588544	10050000	2
1052935977472	10060000	2
1052943721728	10250000	3
1052955176192	10260000	3
1052966566656	10270000	3
1052980831744	10280000	3
1052990045952	10440000	4
1053001445376	10450000	4
1053012841984	10460000	4
1053045283584	10160000	4
1053056687104	10170000	4
1053068176896	10180000	4
1053084587776	10470000	2
1053095984384	10480000	2
1053107395072	10490000	2
1053130840064	10850000	4
1053145440256	10860000	4
1053156836352	10870000	4
1053173089792	10720000	6
1053184494336	10730000	6
1053195883008	10740000	6
1053221095424	10070000	6
1053232496384	10080000	6
1053243883776	10090000	6
1053256033024	10690000	6
1053267522560	10700000	6
1053278905856	10710000	6
1055656246784	10470000	0
1055668046592	10480000	0
1055679411712	10490000	0
1055723366656	10040000	0
1055734873600	10050000	0
1055747145984	10060000	0
1055763442688	10190000	0
1055777718016	10200000	0
1055789116672	10210000	0
1055818817280	10540000	0
1055830231040	10550000	0
1055841664512	10560000	0
1055858230016	10660000	5
1055869790720	10670000	5
1055881272320	10680000	5
1055909811712	10410000	5
1055921247232	10420000	5
1055932659456	10430000	5
1056003697920	10250000	1
1056015217152	10260000	1
1056026727168	10270000	1
1056038171904	10280000	1
1056053421056	10820000	1
1056064960256	10830000	1
1056076434688	10840000	1
1056092864512	10100000	5
1056104386048	10110000	5
1056118556672	10120000	5
1056132091648	10690000	5
1056143545344	10700000	5
1056154941696	10710000	5
1056172894720	10940000	2
1056184300032	10950000	2
1056195707648	10960000	2
1056215733760	10720000	2
1056227142656	10730000	2
1056238569472	10740000	2
1056261009408	10380000	2
1056272456960	10390000	2
1056283849216	10400000	2
1056311238400	10790000	2
1056322648064	10800000	2
1056334078464	10810000	2
1056350653440	10570000	3
1056362095104	10580000	3
1056373513984	10590000	3
1056388631808	10880000	3
1056400033792	10890000	3
1056411527424	10900000	3
1056423716352	10500000	3
1056435167488	10510000	3
1056446584832	10520000	3
1056458032128	10530000	3
1056468946432	10160000	3
1056480368128	10170000	3
1056491769088	10180000	3
1056506890752	10220000	4
1056518322688	10230000	4
1056529735680	10240000	4
1056558360064	10070000	4
1056569775872	10080000	4
1056581198336	10090000	4
1056590566144	10750000	4
1056602011392	10760000	4
1056613469952	10770000	4
1056624884736	10780000	4
1056638587392	10350000	4
1056650029568	10360000	4
1056661527552	10370000	4
1056675049984	10440000	6
1056686502144	10450000	6
1056697911552	10460000	6
1056718551040	10630000	6
1056729949440	10640000	6
1056741360640	10650000	6
1056761031168	10600000	6
1056772443136	10610000	6
1056786632960	10620000	6
1056798807808	10970000	6
1056810339584	10980000	6
1056821844736	10990000	6
1059409583872	10910000	0
1059421161472	10920000	0
1059432630784	10930000	0
1059469844224	10600000	3
1059481463296	10610000	3
1059492847104	10620000	3
1059507034880	10750000	0
1059518545152	10760000	0
1059529987328	10770000	0
1059541393920	10780000	0
1059551377408	10250000	0
1059562814720	10260000	0
1059574301440	10270000	0
1059585745664	10280000	0
1059610129408	10290000	3
1059625705984	10300000	3
1059640948992	10310000	3
1059678577152	10440000	2
1059690078208	10450000	2
1059701511424	10460000	2
1059719601920	10690000	6
1059731034880	10700000	6
1059742459904	10710000	6
1059768742912	10380000	5
1059780345088	10390000	5
1059791742720	10400000	5
1059803977728	10500000	2
1059815451392	10510000	2
1059826892032	10520000	2
1059838345472	10530000	2
1059854936320	10790000	4
1059866468096	10800000	4
1059877960960	10810000	4
1059887462144	10470000	4
1059898869760	10480000	4
1059910306048	10490000	4
1059929828352	10940000	4
1059941246720	10950000	4
1059952659200	10960000	4
1059972222720	10660000	2
1059983645184	10670000	2
1060002735104	10680000	2
1060022252544	10130000	5
1060033681152	10140000	5
1060045088256	10150000	5
1060065636096	10160000	6
1060077109760	10170000	6
1060088538368	10180000	6
1060109326080	10100000	2
1060120771840	10110000	2
1060132192512	10120000	2
1060151632640	10820000	5
1060163037952	10830000	5
1060174477568	10840000	5
1060191002624	10350000	6
1060202418176	10360000	6
1060213818112	10370000	6
1060226109952	10220000	3
1060237542912	10230000	3
1060249069824	10240000	3
1060267016960	10720000	1
1060278469632	10730000	1
1060289969920	10740000	1
1060312112128	10630000	1
1060323581952	10640000	1
1060335039744	10650000	1
1060357252352	10540000	1
1060368691712	10550000	1
1060380159488	10560000	1
1060396628736	10320000	6
1060408071680	10330000	6
1060419541504	10340000	6
1060439998208	10970000	1
1060451442432	10980000	1
1060463026176	10990000	1
1062752819968	10720000	0
1062764496128	10730000	0
1062776018688	10740000	0
1062813464832	10570000	0
1062826177024	10580000	0
1062838505472	10590000	0
1062866937088	10000000	0
1062881499392	10010000	0
1062896660992	10020000	0
1062911928576	10030000	0
1062940364800	10070000	0
1062955178752	10080000	0
1062975402496	10090000	0
1063002779136	10350000	1
1063018688512	10360000	1
1063031968512	10370000	1
1063043031808	10250000	2
1063055399680	10260000	2
1063067917568	10270000	2
1063079693312	10280000	2
1063087895040	10470000	2
1063100100096	10480000	2
1063112391424	10490000	2
1063139098112	10320000	2
1063151604480	10330000	2
1063162982912	10340000	2
1063175677184	10440000	1
1063188521984	10450000	1
1063200545024	10460000	1
1063220836608	10910000	2
1063232688384	10920000	2
1063244740352	10930000	2
1063270540032	10790000	1
1063282882560	10800000	1
1063294660608	10810000	1
1063309492992	10880000	4
1063322050048	10890000	4
1063333658624	10900000	4
1063348889088	10690000	3
1063360277248	10700000	3
1063371676928	10710000	3
1063389641728	10940000	5
1063401049088	10950000	5
1063412493824	10960000	5
1063430533632	10190000	5
1063441936896	10200000	5
1063453346816	10210000	5
1063475860736	10100000	3
1063487333632	10110000	3
1063498724352	10120000	3
1063513938176	10410000	3
1063525389568	10420000	3
1063536786944	10430000	3
1063561109248	10040000	3
1063573529344	10050000	3
1063585065728	10060000	3
1063606233344	10220000	5
1063618852096	10230000	5
1063631038464	10240000	5
1063647677952	10750000	4
1063660223232	10760000	4
1063672514560	10770000	4
1063684564992	10780000	4
1063697149184	10630000	5
1063709673472	10640000	5
1063721374208	10650000	5
1063739640320	10130000	6
1063752256768	10140000	6
1063764066816	10150000	6
1063777464064	10970000	6
1063789548032	10980000	6
1063801715712	10990000	6
1063818627584	10500000	6
1063831036672	10510000	6
1063842970624	10520000	6
1063854847488	10530000	6
1063872878848	10290000	4
1063884896768	10300000	4
1063896301312	10310000	4
1063911860480	10600000	4
1063924654848	10610000	4
1063935829760	10620000	4
1066335746816	10470000	0
1066347152896	10480000	0
1066358935552	10490000	0
1066380499968	10750000	0
1066393578496	10760000	0
1066411077888	10770000	0
1066422479104	10780000	0
1066434169088	10220000	2
1066446103808	10230000	2
1066458508288	10240000	2
1066486307072	10850000	3
1066498465792	10860000	3
1066510097920	10870000	3
1066540975360	10790000	3
1066553335808	10800000	3
1066564843776	10810000	3
1066579663104	10160000	3
1066591537408	10170000	3
1066603492352	10180000	3
1066625799680	10070000	2
1066637784832	10080000	2
1066649300480	10090000	2
1066667384832	10820000	0
1066678782464	10830000	0
1066690228992	10840000	0
1066707330048	10660000	2
1066718725376	10670000	2
1066730125056	10680000	2
1066755994624	10320000	0
1066767432192	10330000	0
1066778835968	10340000	0
1066789552896	10720000	6
1066800961024	10730000	6
1066812400384	10740000	6
1066834588416	10880000	6
1066845998080	10890000	6
1066857393152	10900000	6
1066869580288	10250000	6
1066881031680	10260000	6
1066892457984	10270000	6
1066903862272	10280000	6
1066914597632	10910000	6
1066926003712	10920000	6
1066937402368	10930000	6
1066956647168	10630000	4
1066968036608	10640000	4
1066979450112	10650000	4
1066994464512	10440000	3
1067005851392	10450000	3
1067017237504	10460000	3
1067042202112	10290000	1
1067053613824	10300000	1
1067065107968	10310000	1
1067072937216	10000000	2
1067084369664	10010000	2
1067095773184	10020000	2
1067107191296	10030000	2
1067116493824	10190000	1
1067127910656	10200000	1
1067139323648	10210000	1
1067161436672	10100000	1
1067172835072	10110000	1
1067184222208	10120000	1
1067197841408	10690000	5
1067209249280	10700000	5
1067220653824	10710000	5
1067237084416	10970000	5
1067248609792	10980000	5
1067260025344	10990000	5
1067276516352	10500000	4
1067287947520	10510000	4
1067299363840	10520000	4
1067310763264	10530000	4
1067327229440	10040000	4
1067338633472	10050000	4
1067350067456	10060000	4
1067363633152	10380000	5
1067375038976	10390000	5
1067386441728	10400000	5
1067411501312	10350000	4
1067422895616	10360000	4
1067434310912	10370000	4
1070115412736	10350000	0
1070126782976	10360000	0
1070138153728	10370000	0
1070173261312	10630000	0
1070186779136	10640000	0
1070202478336	10650000	0
1070231422720	10690000	0
1070242848768	10700000	0
1070254471936	10710000	0
1070275592192	10190000	0
1070287029760	10200000	0
1070298513664	10210000	0
1070323624960	10040000	3
1070335076352	10050000	3
1070346544640	10060000	3
1070358673920	10160000	1
1070370097408	10170000	1
1070381525760	10180000	1
1070403726080	10070000	1
1070415391232	10080000	1
1070426821632	10090000	1
1070440348416	10660000	3
1070451789824	10670000	3
1070463315200	10680000	3
1070478206720	10970000	1
1070489632256	10980000	1
1070501042432	10990000	1
1070518898432	10720000	3
1070530308608	10730000	3
1070541734400	10740000	3
1070565200896	10100000	2
1070576618496	10110000	2
1070588033792	10120000	2
1070602917120	10410000	1
1070614342400	10420000	1
1070625758720	10430000	1
1070659038976	10940000	2
1070670531584	10950000	2
1070681973248	10960000	2
1070705466368	10320000	3
1070716875776	10330000	3
1070728350720	10340000	3
1070746309632	10820000	5
1070757702400	10830000	5
1070769139968	10840000	5
1070784092672	10880000	2
1070795513600	10890000	2
1070806924032	10900000	2
1070824705536	10130000	6
1070836132608	10140000	6
1070847607040	10150000	6
1070868722432	10380000	4
1070880123392	10390000	4
1070891542528	10400000	4
1070910864896	10850000	5
1070922274048	10860000	5
1070933678592	10870000	5
1070944280320	10750000	6
1070955742464	10760000	6
1070967143936	10770000	6
1070978530048	10780000	6
1070994887936	10540000	2
1071006307072	10550000	2
1071017707264	10560000	2
1071029843968	10910000	4
1071041265664	10920000	4
1071052678656	10930000	4
1071076185600	10790000	6
1071087609856	10800000	6
1071099017472	10810000	6
1071108190208	10220000	4
1071119676928	10230000	4
1071131119360	10240000	4
1071147248640	10250000	5
1071158716672	10260000	5
1071170139648	10270000	5
1071181526784	10280000	5
1071194908928	10600000	6
1071206322688	10610000	6
1071220156416	10620000	6
1071242871040	10570000	5
1071254419456	10580000	5
1071265895936	10590000	5
1073669640960	10940000	0
1073681566720	10950000	0
1073693316608	10960000	0
1073722999296	10790000	0
1073735471104	10800000	0
1073748404992	10810000	0
1073773264896	10290000	0
1073785637888	10300000	0
1073797299968	10310000	0
1073815504128	10220000	0
1073828184064	10230000	0
1073840599296	10240000	0
1073862976512	10470000	2
1073875271680	10480000	2
1073887570176	10490000	2
1073921721856	10690000	2
1073936609280	10700000	2
1073952324608	10710000	2
1073992567040	10160000	5
1074011435776	10170000	5
1074023752192	10180000	5
1074043540992	10130000	2
1074055262976	10140000	2
1074066979072	10150000	2
1074082329344	10440000	5
1074094027008	10450000	5
1074105738240	10460000	5
1074143900928	10410000	5
1074155620352	10420000	5
1074167398912	10430000	5
1074185775360	10660000	1
1074197488640	10670000	1
1074209180416	10680000	1
1074231855616	10570000	1
1074243603712	10580000	1
1074255677440	10590000	1
1074271016192	10630000	3
1074282777344	10640000	3
1074294494208	10650000	3
1074306846464	10250000	3
1074318605056	10260000	3
1074330374144	10270000	3
1074342066688	10280000	3
1074348561408	10750000	1
1074360325376	10760000	1
1074372018176	10770000	1
1074383713536	10780000	1
1074394721536	10910000	3
1074406472448	10920000	3
1074418163712	10930000	3
1074432000256	10000000	1
1074443819776	10010000	1
1074455540992	10020000	1
1074467257856	10030000	1
1074497256704	10100000	4
1074509056000	10110000	4
1074520781056	10120000	4
1074537564160	10380000	6
1074549287936	10390000	6
1074561009152	10400000	6
1074580757504	10350000	6
1074592449024	10360000	6
1074604140800	10370000	6
1074626918912	10820000	4
1074638649856	10830000	4
1074650327296	10840000	4
1074661288960	10970000	4
1074673044992	10980000	4
1074684743680	10990000	4
1074703016960	10720000	6
1074714752000	10730000	6
1074726486272	10740000	6
1074746390016	10190000	6
1074758114304	10200000	6
1074769854464	10210000	6
1077477647360	10630000	0
1077489273856	10640000	0
1077500921600	10650000	0
1077525463296	10070000	0
1077537131776	10080000	0
1077548826112	10090000	0
1077573342208	10130000	0
1077585007104	10140000	0
1077596673280	10150000	0
1077616398848	10410000	1
1077628084736	10420000	1
1077639769600	10430000	1
1077663878400	10600000	1
1077675569664	10610000	1
1077687248128	10620000	1
1077714920448	10690000	5
1077726636544	10700000	5
1077738344960	10710000	5
1077758067456	10250000	5
1077769843968	10260000	5
1077781523456	10270000	5
1077793198080	10280000	5
1077799700480	10000000	5
1077811448064	10010000	5
1077823208704	10020000	5
1077834926848	10030000	5
1077844404480	10940000	4
1077856120832	10950000	4
1077867877376	10960000	4
1077887563264	10660000	4
1077899307008	10670000	4
1077910998784	10680000	4
1077930671872	10380000	2
1077942375424	10390000	2
1077954064128	10400000	2
1077976590080	10040000	6
1077988300800	10050000	6
1077999983104	10060000	6
1078019063552	10350000	4
1078030783744	10360000	4
1078042488320	10370000	4
1078062320640	10320000	2
1078074050304	10330000	2
1078085744896	10340000	2
1078095248640	10500000	1
1078107015424	10510000	1
1078118728448	10520000	1
1078130427648	10530000	1
1078138524416	10970000	2
1078150214912	10980000	2
1078161928704	10990000	2
1078186001408	10850000	1
1078197707520	10860000	1
1078209424640	10870000	1
1078231869696	10570000	6
1078243557376	10580000	6
1078255410944	10590000	6
1078266303488	10220000	6
1078278003200	10230000	6
1078289705728	10240000	6
1078316661248	10290000	5
1078328362496	10300000	5
1078340036608	10310000	5
1078352433920	10160000	3
1078364128512	10170000	3
1078375812352	10180000	3
1078396860928	10100000	3
1078408561152	10110000	3
1078420259584	10120000	3
1078431127808	10750000	3
1078442872576	10760000	3
1078454567168	10770000	3
1078466247168	10780000	3
1078474181120	10470000	3
1078485884160	10480000	3
1078500022016	10490000	3
1080993190144	10000000	0
1081005128448	10010000	0
1081016770304	10020000	0
1081028739328	10030000	0
1081052827392	10160000	0
1081065183232	10170000	0
1081077419008	10180000	0
1081094426368	10500000	0
1081106667520	10510000	0
1081118394112	10520000	0
1081129818880	10530000	0
1081142230272	10440000	0
1081153946112	10450000	0
1081165676544	10460000	0
1081205552640	10380000	5
1081222766336	10390000	5
1081239911424	10400000	5
1081261669120	10630000	5
1081293272576	10640000	5
1081304999168	10650000	5
1081321857536	10660000	5
1081333577984	10670000	5
1081345288704	10680000	5
1081367957504	10070000	5
1081379642368	10080000	5
1081391340800	10090000	5
1081408135424	10850000	3
1081419833344	10860000	3
1081431520768	10870000	3
1081452654592	10540000	3
1081464372992	10550000	3
1081476063488	10560000	3
1081487003136	10190000	4
1081498706432	10200000	4
1081510429440	10210000	4
1081534501888	10320000	4
1081546201856	10330000	4
1081557919744	10340000	4
1081570324480	10690000	2
1081582025216	10700000	2
1081593718784	10710000	2
1081616337152	10600000	6
1081628036096	10610000	6
1081639732480	10620000	6
1081654963712	10910000	2
1081666674176	10920000	2
1081678364928	10930000	2
1081695920640	10750000	2
1081707676928	10760000	2
1081719383040	10770000	2
1081731068672	10780000	2
1081742030592	10410000	6
1081753854464	10420000	6
1081765545984	10430000	6
1081780861184	10970000	1
1081792572928	10980000	1
1081804275200	10990000	1
1081826923520	10880000	1
1081838635520	10890000	1
1081850314752	10900000	1
1081882006784	10350000	2
1081893686528	10360000	2
1081905377536	10370000	2
1081926570240	10790000	1
1081938266880	10800000	1
1081949968896	10810000	1
1081959464448	10720000	4
1081971159296	10730000	4
1081982867712	10740000	4
1082008548352	10940000	6
1082020258816	10950000	6
1082031970048	10960000	6
1082057527040	10040000	4
1082069228032	10050000	4
1082080923136	10060000	4
1082099123712	10220000	1
1082110828800	10230000	1
1082122522112	10240000	1
1082145152768	10130000	3
1082156860416	10140000	3
1082168551424	10150000	3
1084644156672	10970000	0
1084657492992	10980000	0
1084669173248	10990000	0
1084690040064	10250000	0
1084701849856	10260000	0
1084713594112	10270000	0
1084725299712	10280000	0
1084758361344	10320000	0
1084770098688	10330000	0
1084781785600	10340000	0
1084805331200	10820000	0
1084817054464	10830000	0
1084828757760	10840000	0
1084858513664	10600000	1
1084870079232	10610000	1
1084881645824	10620000	1
1084906917632	10040000	1
1084918471680	10050000	1
1084929997056	10060000	1
1084944681472	10690000	1
1084956226816	10700000	1
1084967797760	10710000	1
1084988347136	10440000	5
1084999867904	10450000	5
1085011392256	10460000	5
1085030722304	10470000	5
1085042255360	10480000	5
1085053821952	10490000	5
1085077211904	10220000	6
1085088755456	10230000	6
1085100314112	10240000	6
1085129308416	10290000	3
1085140827136	10300000	3
1085152374272	10310000	3
1085171631872	10350000	3
1085183168000	10360000	3
1085194732288	10370000	3
1085211284480	10380000	6
1085222827520	10390000	6
1085234350080	10400000	6
1085249590528	10940000	3
1085261122304	10950000	3
1085281525760	10960000	3
1085299719936	10190000	5
1085310478336	10200000	5
1085321178880	10210000	5
1085340464896	10160000	2
1085351173376	10170000	2
1085361928192	10180000	2
1085379807232	10660000	3
1085390511360	10670000	3
1085401213184	10680000	3
1085415100928	10500000	2
1085425828864	10510000	2
1085436537344	10520000	2
1085447253248	10530000	2
1085455780352	10720000	2
1085466545152	10730000	2
1085477250560	10740000	2
1085501899776	10570000	2
1085512659456	10580000	2
1085523388160	10590000	2
1085535089664	10000000	4
1085545852416	10010000	4
1085556573952	10020000	4
1085567330304	10030000	4
1085579876096	10880000	5
1085590617856	10890000	5
1085601341440	10900000	5
1085619235840	10130000	4
1085629982464	10140000	4
1085640709376	10150000	4
1085662760448	10540000	4
1085673512960	10550000	4
1085684232704	10560000	4
1085699592192	10850000	4
1085710343936	10860000	4
1085721062144	10870000	4
1085732240384	10750000	6
1085743032832	10760000	6
1085753977088	10770000	6
1085764796672	10780000	6
1088223730432	10470000	0
1088235384576	10480000	0
1088246973952	10490000	0
1088280673280	10130000	0
1088292391424	10140000	0
1088304064512	10150000	0
1088323802112	10410000	0
1088335495424	10420000	0
1088347194880	10430000	0
1088371346688	10100000	3
1088383014144	10110000	3
1088394703872	10120000	3
1088422761216	10660000	2
1088438455296	10670000	2
1088455945728	10680000	2
1088483646720	10880000	2
1088495213568	10890000	2
1088506808064	10900000	2
1088533491200	10320000	2
1088545038080	10330000	2
1088556559872	10340000	2
1088565959680	10500000	3
1088577603840	10510000	3
1088589145600	10520000	3
1088600672000	10530000	3
1088610145024	10440000	3
1088622103808	10450000	3
1088634017280	10460000	3
1088666811904	10940000	1
1088679861504	10950000	1
1088692084736	10960000	1
1088716525312	10820000	3
1088728885504	10830000	3
1088741299456	10840000	3
1088759413504	10850000	1
1088772581120	10860000	1
1088784166400	10870000	1
1088807030272	10630000	5
1088820198656	10640000	5
1088832107264	10650000	5
1088851495680	10190000	1
1088865582336	10200000	1
1088877885952	10210000	1
1088893037312	10750000	1
1088905449728	10760000	1
1088917668864	10770000	1
1088929257472	10780000	1
1088947220992	10040000	5
1088960076544	10050000	5
1088971635456	10060000	5
1088986954752	10350000	5
1088998830336	10360000	5
1089010663936	10370000	5
1089044659712	10570000	6
1089057719808	10580000	6
1089070170368	10590000	6
1089084460800	10160000	4
1089097583360	10170000	4
1089109691904	10180000	4
1089134337024	10540000	6
1089147606784	10550000	6
1089159155200	10560000	6
1089171686656	10910000	6
1089183616768	10920000	6
1089195549184	10930000	6
1089222185216	10600000	5
1089235247616	10610000	5
1089247006720	10620000	5
1089261569536	10690000	4
1089274331392	10700000	4
1089286753536	10710000	4
1089312669696	10290000	4
1089325756160	10300000	4
1089337247232	10310000	4
1091732408832	10320000	0
1091744083712	10330000	0
1091755993088	10340000	0
1091782314240	10660000	0
1091795550720	10670000	0
1091807709440	10680000	0
1091829352960	10160000	0
1091842357760	10170000	0
1091854754560	10180000	0
1091880879872	10600000	0
1091894275584	10610000	0
1091905967872	10620000	0
1091924925696	10910000	2
1091938185984	10920000	2
1091949896960	10930000	2
1091974536704	10850000	2
1091987335424	10860000	2
1091999376384	10870000	2
1092018276352	10000000	3
1092030328576	10010000	3
1092041905408	10020000	3
1092053452032	10030000	3
1092073697280	10070000	2
1092085301504	10080000	2
1092096882688	10090000	2
1092126726400	10500000	2
1092138420736	10510000	2
1092149978112	10520000	2
1092161519360	10530000	2
1092178123520	10040000	1
1092189718016	10050000	1
1092201245952	10060000	1
1092220090880	10130000	1
1092231646976	10140000	1
1092243162880	10150000	1
1092262058496	10380000	1
1092273838080	10390000	1
1092285381888	10400000	1
1092307925760	10790000	5
1092322108928	10800000	5
1092333657344	10810000	5
1092355542528	10540000	5
1092367070720	10550000	5
1092378595840	10560000	5
1092395168512	10820000	5
1092406709248	10830000	5
1092418235648	10840000	5
1092429048320	10220000	5
1092440581120	10230000	5
1092452127488	10240000	5
1092485089280	10630000	3
1092496636416	10640000	3
1092508187136	10650000	3
1092523297024	10690000	3
1092534850304	10700000	3
1092546396672	10710000	3
1092568774144	10350000	4
1092580325376	10360000	4
1092591855872	10370000	4
1092604101632	10470000	4
1092615654400	10480000	4
1092627200512	10490000	4
1092649136896	10750000	6
1092661198592	10760000	6
1092673251584	10770000	6
1092684795136	10780000	6
1092701391360	10290000	3
1092712926208	10300000	3
1092724466944	10310000	3
1092738161408	10880000	4
1092749825792	10890000	4
1092761374720	10900000	4
1092776538880	10190000	4
1092788094720	10200000	4
1092799652352	10210000	4
1092822027008	10100000	6
1092833572352	10110000	6
1092845091328	10120000	6
1092857284096	10720000	6
1092869836800	10730000	6
1092881371904	10740000	6
1095331324928	10070000	0
1095342974976	10080000	0
1095354495232	10090000	0
1095380462848	10410000	0
1095392012800	10420000	0
1095403627264	10430000	0
1095439428608	10910000	0
1095450966528	10920000	0
1095465934848	10930000	0
1095490411264	10350000	0
1095502024192	10360000	0
1095513572096	10370000	0
1095531754240	10660000	2
1095543346688	10670000	2
1095554876416	10680000	2
1095579754752	10820000	2
1095591458560	10830000	2
1095603010048	10840000	2
1095624770304	10290000	5
1095636336384	10300000	5
1095647926784	10310000	5
1095664135168	10600000	2
1095675805184	10610000	2
1095687422976	10620000	2
1095698469120	10250000	2
1095710045952	10260000	2
1095721598464	10270000	2
1095733147136	10280000	2
1095753205504	10970000	5
1095764765696	10980000	5
1095776335104	10990000	5
1095808880128	10790000	1
1095820425728	10800000	1
1095831951872	10810000	1
1095848498944	10570000	5
1095860361728	10580000	5
1095875241984	10590000	5
1095890269184	10880000	1
1095901824000	10890000	1
1095913368320	10900000	1
1095928457984	10690000	1
1095940005376	10700000	1
1095951555072	10710000	1
1095966515712	10750000	3
1095978099968	10760000	3
1095989652736	10770000	3
1096001189888	10780000	3
1096010518272	10440000	3
1096022070016	10450000	3
1096033622784	10460000	3
1096067613952	10380000	3
1096079256576	10390000	3
1096090978304	10400000	3
1096105769984	10470000	6
1096117522688	10480000	6
1096129262592	10490000	6
1096146721280	10500000	6
1096158508544	10510000	6
1096170228480	10520000	6
1096181965824	10530000	6
1096198012160	10320000	6
1096209749760	10330000	6
1096221475072	10340000	6
1096241954816	10040000	3
1096253490688	10050000	3
1096264720640	10060000	3
1096280356096	10850000	6
1096291632896	10860000	6
1096302925312	10870000	6
1096315660544	10220000	4
1096326924544	10230000	4
1096338202880	10240000	4
1096360905984	10630000	4
1096372154624	10640000	4
1096383459328	10650000	4
1096398949888	10940000	4
1096410204928	10950000	4
1096421476352	10960000	4
1096444087552	10100000	4
1096455351552	10110000	4
1096466626560	10120000	4
1098989899264	10660000	0
1099001555712	10670000	0
1099013247744	10680000	0
1099055328256	10820000	0
1099067654912	10830000	0
1099079341056	10840000	0
1099096294656	10160000	0
1099107946752	10170000	0
1099119646720	10180000	0
1099162740992	10100000	0
1099175179008	10110000	0
1099187277056	10120000	0
1099204303360	10630000	1
1099216343040	10640000	1
1099228305920	10650000	1
1099252059392	10540000	1
1099264636160	10550000	1
1099277335808	10560000	1
1099291473152	10130000	3
1099303651840	10140000	3
1099315994112	10150000	3
1099339377152	10790000	3
1099351262464	10800000	3
1099363477248	10810000	3
1099371579648	10500000	3
1099384070912	10510000	3
1099396219392	10520000	3
1099408463360	10530000	3
1099423064320	10350000	2
1099435595264	10360000	2
1099447263488	10370000	2
1099461540864	10440000	1
1099474108928	10450000	1
1099488776704	10460000	1
1099508686336	10410000	2
1099521022976	10420000	2
1099533164032	10430000	2
1099556590336	10570000	2
1099569092096	10580000	2
1099580761088	10590000	2
1099598110720	10850000	4
1099610327296	10860000	4
1099622313472	10870000	4
1099634853120	10970000	4
1099647687680	10980000	4
1099659656704	10990000	4
1099687004672	10040000	5
1099699148800	10050000	5
1099711461632	10060000	5
1099728862976	10320000	5
1099741071360	10330000	5
1099753094144	10340000	5
1099764055040	10720000	5
1099776684544	10730000	5
1099788952064	10740000	5
1099817114368	10000000	2
1099828967680	10010000	2
1099841274112	10020000	2
1099853359872	10030000	2
1099872543744	10190000	3
1099884283136	10200000	3
1099896042496	10210000	3
1099926335488	10690000	4
1099938054912	10700000	4
1099949776640	10710000	4
1099964945664	10250000	6
1099976741120	10260000	6
1099988472832	10270000	6
1100000203264	10280000	6
1100012557312	10380000	4
1100024301568	10390000	4
1100035995904	10400000	4
1100049954816	10220000	6
1100061696256	10230000	6
1100073463552	10240000	6
1100098263296	10600000	6
1100110609408	10610000	6
1100123058432	10620000	6
1100158216960	10070000	6
1100169941504	10080000	6
1100181664000	10090000	6
1102625336576	10600000	0
1102637209088	10610000	0
1102649254656	10620000	0
1102678407680	10250000	0
1102691311104	10260000	0
1102704087296	10270000	0
1102715874816	10280000	0
1102737012736	10540000	0
1102754526976	10550000	0
1102772709120	10560000	0
1102797308928	10820000	4
1102819504896	10830000	4
1102847116288	10840000	4
1102867164672	10290000	4
1102878998016	10300000	4
1102890808320	10310000	4
1102903291648	10410000	4
1102915107840	10420000	4
1102926909952	10430000	4
1102946751488	10130000	4
1102958567168	10140000	4
1102970349056	10150000	4
1102991671552	10570000	3
1103003497728	10580000	3
1103015268608	10590000	3
1103027745792	10440000	2
1103039547648	10450000	2
1103051345408	10460000	2
1103068187904	10220000	3
1103080007936	10230000	3
1103091814912	10240000	3
1103116068608	10850000	2
1103131043840	10860000	2
1103142834176	10870000	2
1103164337152	10790000	2
1103176131072	10800000	2
1103187962624	10810000	2
1103201891072	10630000	3
1103213695488	10640000	3
1103225498624	10650000	3
1103239448320	10470000	5
1103251399680	10480000	5
1103263217408	10490000	5
1103299136256	10970000	1
1103310888960	10980000	1
1103322669312	10990000	1
1103348500992	10070000	1
1103360283136	10080000	1
1103372006656	10090000	1
1103384563456	10940000	3
1103396302080	10950000	3
1103408033024	10960000	3
1103431541248	10160000	5
1103443264768	10170000	5
1103454981376	10180000	5
1103475838976	10750000	5
1103487596800	10760000	5
1103499364608	10770000	5
1103511061760	10780000	5
1103537265408	10320000	1
1103548975872	10330000	1
1103560432896	10340000	1
1103570605824	10500000	6
1103581833984	10510000	6
1103593009664	10520000	6
1103604222720	10530000	6
1103615805952	10660000	6
1103626993920	10670000	6
1103638161152	10680000	6
1103655329024	10690000	6
1103666547456	10700000	6
1103677721344	10710000	6
1103703382016	10040000	6
1103714594816	10050000	6
1103725751808	10060000	6
1106082788864	10410000	0
1106094750720	10420000	0
1106106646272	10430000	0
1106149478400	10790000	3
1106161947648	10800000	3
1106173601280	10810000	3
1106193279744	10100000	3
1106205943552	10110000	3
1106217658624	10120000	3
1106235373312	10690000	0
1106247934464	10700000	0
1106259675136	10710000	0
1106280148224	10720000	3
1106292526848	10730000	3
1106304346880	10740000	3
1106329675264	10440000	4
1106343027456	10450000	4
1106355067904	10460000	4
1106391619328	10570000	4
1106409100288	10580000	4
1106420946176	10590000	4
1106430419456	10750000	0
1106442157568	10760000	0
1106453875200	10770000	0
1106465539328	10780000	0
1106476483328	10160000	2
1106488164864	10170000	2
1106499833856	10180000	2
1106515044096	10970000	4
1106526731520	10980000	4
1106538415616	10990000	4
1106562381568	10600000	2
1106574078976	10610000	2
1106585774592	10620000	2
1106602479872	10380000	3
1106614181376	10390000	3
1106625871360	10400000	3
1106661251072	10130000	1
1106672954880	10140000	1
1106684661504	10150000	1
1106699947008	10940000	2
1106711658496	10950000	2
1106725932800	10960000	2
1106742672384	10220000	1
1106754487040	10230000	1
1106766204416	10240000	1
1106793106688	10040000	1
1106804799744	10050000	1
1106816487680	10060000	1
1106830309632	10630000	5
1106842003456	10640000	5
1106853696000	10650000	5
1106871941376	10880000	5
1106883654656	10890000	5
1106895354368	10900000	5
1106909308672	10470000	1
1106921004032	10480000	1
1106932688384	10490000	1
1106956686336	10850000	6
1106968387840	10860000	6
1106980496128	10870000	6
1106995848704	10910000	5
1107007566336	10920000	5
1107019266816	10930000	5
1107054050304	10320000	5
1107065744128	10330000	5
1107077426176	10340000	5
1107089708032	10190000	6
1107101447936	10200000	6
1107113146112	10210000	6
1107141548288	10820000	6
1107153276672	10830000	6
1107164971520	10840000	6
1109473255680	10380000	0
1109487757824	10390000	0
1109499519744	10400000	0
1109524105984	10320000	0
1109535807488	10330000	0
1109547500544	10340000	0
1109570363904	10040000	0
1109582097920	10050000	0
1109593780480	10060000	0
1109611165184	10880000	0
1109622876416	10890000	0
1109642880256	10900000	0
1109671072512	10660000	1
1109682813696	10670000	1
1109694513408	10680000	1
1109719581184	10850000	1
1109731285760	10860000	1
1109742982144	10870000	1
1109758227712	10750000	1
1109769975296	10760000	1
1109781671168	10770000	1
1109793393408	10780000	1
1109810832896	10350000	3
1109822572032	10360000	3
1109834298880	10370000	3
1109857244160	10250000	5
1109869035520	10260000	5
1109880777728	10270000	5
1109892501760	10280000	5
1109899190528	10000000	3
1109911015424	10010000	3
1109922823168	10020000	3
1109934594816	10030000	3
1109941255168	10500000	5
1109953057536	10510000	5
1109964816384	10520000	5
1109976580864	10530000	5
1109998047488	10100000	1
1110009793536	10110000	1
1110021549056	10120000	1
1110036956416	10410000	3
1110048736000	10420000	3
1110060471040	10430000	3
1110083258112	10570000	2
1110094993152	10580000	2
1110106747648	10590000	2
1110134713856	10790000	2
1110146450688	10800000	2
1110158188032	10810000	2
1110176710400	10540000	5
1110188444928	10550000	5
1110200206592	10560000	5
1110224797696	10220000	2
1110236551680	10230000	2
1110248419328	10240000	2
1110269604864	10940000	5
1110281383680	10950000	5
1110293130752	10960000	5
1110314460928	10630000	2
1110326201600	10640000	2
1110337956352	10650000	2
1110360540672	10290000	6
1110372254464	10300000	6
1110383983104	10310000	6
1110393395200	10470000	6
1110405121536	10480000	6
1110416869888	10490000	6
1110442439680	10070000	4
1110454190848	10080000	4
1110465956608	10090000	4
1110492366080	10440000	6
1110504130048	10450000	6
1110515892736	10460000	6
1110534188544	10190000	4
1110545925888	10200000	4
1110557693696	10210000	4
1110580195328	10600000	4
1110591926528	10610000	4
1110603679232	10620000	4
1110618790912	10910000	4
1110630526720	10920000	4
1110642214912	10930000	4
